,지사명,시험장소,수험자_수험대상
0,강원도,한국폴리텍대학 원주캠퍼스 (CBT시험실)[1실],15
1,강원도,강원국가자격시험장(춘천) (CBT시험실)[1실],25
2,강원도,강원국가자격시험장(춘천) (CBT시험실)[2실],26
3,강원도,상지대학교 미래관 (CBT시험실)[1실],15
4,강원도,상지대학교 미래관 (CBT시험실)[2실],15
5,강원도,상지대학교 미래관 (CBT시험실)[3실],12
6,강원도,상지대학교 미래관 (CBT시험실)[4실],13
7,강원도,한라대학교 한라관 (CBT시험실)[4실],13
8,강원도,한라대학교 한라관 (CBT시험실)[1실],15
9,강원도,한라대학교 한라관 (CBT시험실)[2실],15
10,강원도,한라대학교 한라관 (CBT시험실)[3실],12
11,강원도,한국폴리텍대학 원주캠퍼스 (CBT시험실)[4실],15
12,강원도,한국폴리텍대학 원주캠퍼스 (CBT시험실)[3실],14
13,강원도,한국폴리텍대학 원주캠퍼스 (CBT시험실)[2실],15
14,강원도,춘천직업전문학교(CBT시험실) [1실],15
15,강원도,춘천직업전문학교(CBT시험실) [2실],15
16,강원도,춘천직업전문학교(CBT시험실) [3실],15
17,강원도,한라대학교 한라관 (CBT시험실) [8실],20
18,강원도,한국폴리텍대학춘천1캠퍼스(동산면)(CBT)[4실],20
19,강원도,한국폴리텍대학춘천1캠퍼스(동산면)(CBT)[3실],20
20,강원도,한국폴리텍대학춘천1캠퍼스(동산면)(CBT)[2실],20
21,강원도,한국폴리텍대학춘천1캠퍼스(동산면)(CBT)[1실],20
22,강원도,한국폴리텍대학 원주캠퍼스 (CBT시험실)[5실],19
23,강원도,한라대학교 한라관 (CBT시험실)[7실],20
24,강원도,한라대학교 한라관 (CBT시험실)[6실],20
25,강원도,한라대학교 한라관 (CBT시험실)[5실],17
26,강원도,춘천직업전문학교(CBT시험실) [4실],14
27,강원도,춘천직업전문학교(CBT시험실) [5실],15
28,강원도,춘천한샘고등학교 (CBT시험실)[4실],15
29,강원도,춘천한샘고등학교 (CBT시험실)[3실],15
30,강원도,춘천한샘고등학교 (CBT시험실)[2실],15
31,강원도,춘천한샘고등학교 (CBT시험실)[1실],15
32,강원도,한국소방마이스터고등학교(CBT3실)_성실관,14
33,강원도,한국소방마이스터고등학교(CBT2실)_성실관,15
34,강원도,한국소방마이스터고등학교(CBT1실)_성실관,15
35,강원도,영월교도소(CBT시험실) 1실((일반인 접수 불가)),13
36,강원도,원주교도소(일반인 접수불가),12
37,강원도,한국소방마이스터고등학교(CBT1실)_진취관,14
38,강원도,한국소방마이스터고등학교(CBT2실)_진취관,15
39,강원도,한국소방마이스터고등학교(CBT3실)_진취관,15
40,강원도,강원동부국가자격시험장(강릉)[CBT시험실]_1실,24
41,강원도,강원대학교 삼척캠퍼스(전산정보원)[CBT시험실]_2실,20
42,강원도,강원동부국가자격시험장(강릉)[CBT시험실]_2실,26
43,강원도,강원대학교 삼척캠퍼스(전산정보원)[CBT시험실]_3실,20
44,강원도,강원대학교 삼척캠퍼스(전산정보원)[CBT시험실]_4실,25
45,강원도,강원대학교 삼척캠퍼스(전산정보원)[CBT시험실]_1실,20
46,강원도,강원북부교도소[CBT시험장](재소자만접수),7
47,강원도,대한상공회의소(강릉),26
48,강원도,강원대학교 삼척캠퍼스(공동실험실습관301호),19
49,강원도,강원대학교 삼척캠퍼스(공동실험실습관303호),20
50,경기남부,(오산) 오산기술전문학원(3층)(CBT) [2실],8
51,경기남부,(용인시 처인구) 한솔컴퓨터학원 (CBT) [1실],17
52,경기남부,(안성)폴리텍대학 반도체융합캠퍼스(비전관 CBT 1실),19
53,경기남부,(평택) 국제대학교 국제관 (CBT) [4실]_유료주차,20
54,경기남부,(평택) 국제대학교 국제관 (CBT) [2실]_유료주차,20
55,경기남부,(평택) 국제대학교 국제관 (CBT) [1실]_유료주차,20
56,경기남부,(안성)폴리텍대학 반도체융합캠퍼스(비전관 CBT 2실),11
57,경기남부,(용인시 처인구) 한솔컴퓨터학원 (CBT) [2실],16
58,경기남부,(오산)오산기술전문학원(3층)(CBT)[1실]_주차불가,19
59,경기남부,(평택) 국제대학교 국제관 (CBT) [3실]_유료주차,21
60,경기남부,(오산)오산기술전문학원(3층)(CBT)[2실]_주차불가,15
61,경기남부,(오산) 오산기술전문학원(3층)(CBT) [1실],14
62,경기남부,(평택) 국제대학교 국제관 (CBT) [1실],20
63,경기남부,(안성) 폴리텍대학 반도체융합캠퍼스 (CBT) [2실],14
64,경기남부,(안성) 폴리텍대학 반도체융합캠퍼스 (CBT) [1실],16
65,경기남부,(안성)더플랜컴퓨터아트회계학원 안성점(CBT)[1실],9
66,경기남부,한국폴리텍대학반도체융합캠퍼스 산학협력처(CBT_1실),15
67,경기남부,한국폴리텍대학반도체융합캠퍼스 산학협력처(CBT_2실),17
68,경기남부,(안성)더플랜컴퓨터아트회계학원 안성점(CBT)[2실],13
69,경기남부,(평택) 국제대학교 국제관 (CBT) [2실],21
70,경기남부,(평택) 청담고등학교(부사관동 CBT 1실)(주차불가),8
71,경기남부,(평택)더플랜컴퓨터아트회계학원 평택용죽점-CBT[1실],14
72,경기남부,(평택) 국제대학교 국제관 (CBT) [3실],20
73,경기남부,(평택) 국제대학교 국제관 (CBT) [4실],19
74,경기남부,더플랜컴퓨터아트회계학원 안성점(CBT)[2실]_주차불가,12
75,경기남부,더플랜컴퓨터아트회계학원 안성점(CBT)[1실]_주차불가,16
76,경기남부,한국폴리텍대학 반도체융합캠퍼스 (CBT) [2실],18
77,경기남부,한국폴리텍대학 반도체융합캠퍼스 (CBT) [1실],18
78,경기남부,(평택) 청담고등학교(부사관동 CBT 2실)(주차불가),11
79,경기남부,(안성) 두원공과대학교(공학관)(CBT) [3실],19
80,경기남부,(안성) 두원공과대학교(공학관)(CBT) [2실],20
81,경기남부,(안성) 두원공과대학교(공학관)(CBT) [1실],17
82,경기남부,(안성)폴리텍대학 반도체융합캠퍼스(창조관 CBT 2실),21
83,경기남부,(안성)폴리텍대학 반도체융합캠퍼스(창조관 CBT 1실),21
84,경기남부,(일반인 접수불가) 하나원 직업교육관-CBT[1실],1
85,경기남부,(안성) 두원공과대학교(공학관)(CBT) [4실],14
86,경기남부,용인상공회의소 서부상설검정장,20
87,경기남부,평택상공회의소,30
88,경기동부,이탱크교육(모란역)[CBT2실],12
89,경기동부,이탱크교육(모란역)[CBT1실],12
90,경기동부,이천시노동자복지관 [CBT 2실],16
91,경기동부,새하남학원(하남독서실) [CBT 2실],12
92,경기동부,이천시노동자복지관 [CBT 1실],16
93,경기동부,새하남학원(하남독서실) [CBT 3실],13
94,경기동부,새하남학원(하남독서실) [CBT 1실],11
95,경기동부,이탱크교육(모란역)[CBT3실],15
96,경기동부,새하남학원(하남시청역) [CBT 2실],13
97,경기동부,에듀윌 직업능력교육원 성남센터[CBT 1실],17
98,경기동부,에듀윌 직업능력교육원 성남센터[CBT 2실],17
99,경기동부,새하남학원(하남시청역) [CBT 1실],12
100,경기동부,새하남학원(하남시청역) [CBT 3실],10
101,경기동부,(모란역)하이미디어컴퓨터학원(CBT)[1실],14
102,경기동부,하이미디어아카데미분당(오리역)(CBT시험실)[2실],12
103,경기동부,하이미디어아카데미분당(오리역)(CBT시험실)[1실],12
104,경기동부,여주대학교 창의관[4실],17
105,경기동부,여주대학교 창의관[3실],17
106,경기동부,여주대학교 창의관[2실],16
107,경기동부,하이미디어아카데미분당(오리역)(CBT시험실)[3실],11
108,경기동부,한국폴리텍대학 성남캠퍼스(드림관)[CBT 1실],16
109,경기동부,한국폴리텍대학 성남캠퍼스(누리관)[CBT 5실],16
110,경기동부,한국폴리텍대학 성남캠퍼스(누리관)[CBT 4실],14
111,경기동부,한국폴리텍대학 성남캠퍼스(누리관)[CBT 3실],16
112,경기동부,하이미디어아카데미분당(오리역)(CBT시험실)[7실],12
113,경기동부,하이미디어아카데미분당(오리역)(CBT시험실)[4실],12
114,경기동부,한국폴리텍대학 성남캠퍼스(드림관)[CBT 2실],15
115,경기동부,여주대학교 창의관[1실],18
116,경기동부,성남테크노과학고(CBT 11실),14
117,경기동부,ICT폴리텍대학(5실)[2공학관],14
118,경기동부,ICT폴리텍대학(4실)[2공학관],15
119,경기동부,ICT폴리텍대학(3실)[2공학관],17
120,경기동부,성남테크노과학고(CBT 1실),15
121,경기동부,성남테크노과학고(CBT 2실),15
122,경기동부,성남테크노과학고(CBT 9실),12
123,경기동부,성남테크노과학고(CBT 8실),10
124,경기동부,성남테크노과학고(CBT 5실),13
125,경기동부,성남테크노과학고(CBT 4실),13
126,경기동부,성남테크노과학고(CBT 3실),14
127,경기동부,(수정구)세종교육컴퓨터학원(CBT)[1실],20
128,경기동부,(수정구)세종교육컴퓨터학원(CBT)[2실],20
129,경기동부,(수정구)세종교육컴퓨터학원(CBT)[3실],14
130,경기동부,(수정구)세종교육컴퓨터학원(CBT)[4실],13
131,경기동부,ICT폴리텍대학(2실)[1공학관],16
132,경기동부,ICT폴리텍대학(1실)[1공학관],17
133,경기동부,한국폴리텍대학 성남캠퍼스(드림관)[CBT 5실],25
134,경기동부,(모란역)하이미디어컴퓨터학원(CBT)[5실],15
135,경기동부,(모란역)하이미디어컴퓨터학원(CBT)[2실],14
136,경기동부,(모란역)하이미디어컴퓨터학원(CBT)[3실],13
137,경기동부,(모란역)하이미디어컴퓨터학원(CBT)[4실],14
138,경기동부,하이미디어아카데미분당(오리역)[2실],15
139,경기동부,하이미디어아카데미분당(오리역)[3실],14
140,경기동부,하이미디어아카데미분당(오리역)[4실],15
141,경기동부,하이미디어아카데미분당(오리역)[7실],15
142,경기동부,하이미디어아카데미분당(오리역)[1실],14
143,경기동부,한국폴리텍대학 성남캠퍼스(누리관)[CBT 6실],25
144,경기동부,한국폴리텍대학 성남캠퍼스(누리관)[CBT 8실],24
145,경기동부,한국폴리텍대학 성남캠퍼스(드림관)[CBT 4실],25
146,경기동부,한국폴리텍대학 성남캠퍼스(드림관)[CBT 3실],25
147,경기동부,(광주)경기동부직업전문학원(CBT)[1실],17
148,경기동부,(광주)경기동부직업전문학원(CBT)[2실],17
149,경기동부,양영디지털고등학교(CBT시험실)[2실],17
150,경기동부,(노트북시험장)한국소프트웨어기술진흥협회(오리역)[2실],14
151,경기동부,(노트북시험장)한국소프트웨어기술진흥협회(오리역)[1실],16
152,경기동부,양영디지털고등학교(CBT시험실)[1실],16
153,경기동부,(일반수험자절대불가)여주교도소(상시)(CBT)[1실],12
154,경기동부,여주대학교(자동차연구소) 2실,18
155,경기동부,여주대학교(자동차연구소) 1실,18
156,경기동부,소망교도소(CBT시험실)[1실])(일반수험자 접수불가),13
157,경기동부,(일반인 접수 절대불가) 소망교도소,10
158,경기동부,대한상공회의소(광주하남),20
159,경기동부,대한상공회의소(성남),40
160,경기동부,경기동부지사 임시시험장,1
161,경기북부,"경기북부국가자격시험장[CBT2실](바대논길21,해인프라자",27
162,경기북부,일산공인시험센터[CBT 3실],11
163,경기북부,경기북부국가자격시험장(주차불가)[CBT 3실],19
164,경기북부,일산공인시험센터[CBT 1실],21
165,경기북부,"경기북부국가자격시험장[CBT1실](바대논길21,해인프라자",30
166,경기북부,"경기북부국가자격시험장[CBT3실](바대논길21,해인프라자",30
167,경기북부,"경기북부국가자격시험장[CBT4실](바대논길21,해인프라자",30
168,경기북부,경기인력개발원[CBT 1실],20
169,경기북부,일산공인시험센터[CBT 2실],17
170,경기북부,경기인력개발원[CBT 3실],20
171,경기북부,경기북부국가자격시험장(주차불가)[CBT 2실],9
172,경기북부,경기북부국가자격시험장(주차불가)[CBT 1실],4
173,경기북부,경기인력개발원[CBT 2실],20
174,경기북부,경기북부국가자격시험장(주차불가)[CBT 4실],18
175,경기북부,금곡고등학교[CBT 1실],25
176,경기북부,금곡고등학교(상시) (CBT시험실) [2실],15
177,경기북부,금곡고등학교(상시) (CBT시험실) [3실],14
178,경기북부,금곡고등학교(상시) (CBT시험실) [1실],15
179,경기북부,경기인력개발원[CBT 1실](본관2층),20
180,경기북부,경기인력개발원[CBT 2실](본관2층),20
181,경기북부,경기인력개발원[CBT 3실](본관2층),19
182,경기북부,대한상공회의소(고양)[CBT1실],25
183,경기북부,경민IT고등학교[CBT 3실],15
184,경기북부,경민IT고등학교[CBT 2실],15
185,경기북부,경민IT고등학교[CBT 1실],15
186,경기북부,그린컴퓨터아카데미[CBT 3실],18
187,경기북부,경기인력개발원[CBT 4실],19
188,경기북부,금곡고등학교[CBT 8실],20
189,경기북부,금곡고등학교[CBT 7실],20
190,경기북부,그린컴퓨터아카데미[CBT 1실],20
191,경기북부,그린컴퓨터아카데미[CBT 2실],20
192,경기북부,금곡고등학교[CBT 2실],15
193,경기북부,금곡고등학교[CBT 3실],15
194,경기북부,금곡고등학교[CBT 4실],15
195,경기북부,북부직업전문학교[CBT 1실],16
196,경기북부,북부직업전문학교[CBT 2실],16
197,경기북부,북부직업전문학교[CBT 3실],17
198,경기북부,북부직업전문학교[CBT 4실],15
199,경기북부,북부직업전문학교[CBT 5실],13
200,경기북부,금곡고등학교[CBT 6실],20
201,경기북부,금곡고등학교[CBT 5실],20
202,경기북부,이젠컴퓨터아트학원(의정부)[CBT 3실],13
203,경기북부,이젠컴퓨터아트학원(의정부)[CBT 4실],12
204,경기북부,이젠컴퓨터아트학원(의정부)[CBT 5실],13
205,경기북부,그린컴퓨터아카데미[CBT 4실],18
206,경기북부,이젠컴퓨터아트학원(의정부)[CBT 2실],11
207,경기북부,이젠컴퓨터아트학원(의정부)[CBT 1실],13
208,경기북부,경민IT고등학교 본관(상시)[CBT 2실],10
209,경기북부,경민IT고등학교 본관(상시)[CBT 3실],15
210,경기북부,경민IT고등학교 본관(상시)[CBT 1실],14
211,경기북부,그린컴퓨터아카데미[CBT 6실],15
212,경기북부,그린컴퓨터아카데미[CBT 5실],15
213,경기북부,그린컴퓨터아카데미[CBT 10실],15
214,경기북부,그린컴퓨터아카데미[CBT 7실],15
215,경기북부,그린컴퓨터아카데미[CBT 9실],15
216,경기북부,그린컴퓨터아카데미[CBT 8실],14
217,경기북부,대한상공회의소(남양주)[CBT1실],18
218,경기북부,일산공인시험센터[CBT 3실](대기실 미운영),11
219,경기북부,일산공인시험센터[CBT 2실](대기실 미운영),17
220,경기북부,대한상공회의소(의정부)[CBT1실],25
221,경기북부,일산공인시험센터[CBT 1실](대기실 미운영),21
222,경기북부,북부직업전문학교[CBT 6실],16
223,경기북부,동양인재개발원(생활치료센터),1
224,경기북부,이젠컴퓨터아트학원(의정부)[CBT 6실],3
225,경기북부,이젠컴퓨터아트학원(의정부)[CBT 7실],7
226,경기북부,이젠컴퓨터아트학원(의정부)[CBT 8실],10
227,경기서부,우리평생교육원(부천)[CBT 1실] 주차절대불가,28
228,경기서부,우리평생교육원(부천)[CBT 3실] 주차절대불가,16
229,경기서부,우리평생교육원(부천)[CBT 2실] 주차절대불가,19
230,경기서부,부천정보산업고등학교(CBT) [1실],20
231,경기서부,부천정보산업고등학교(CBT) [5실],20
232,경기서부,부천정보산업고등학교(CBT) [2실],20
233,경기서부,부천정보산업고등학교(CBT) [4실],20
234,경기서부,부천정보산업고등학교(CBT) [3실],20
235,경기서부,경기경영고등학교(CBT시험실) [2실],19
236,경기서부,경기경영고등학교(CBT시험실) [1실],20
237,경기서부,[신중동 7호선]부천상공회의소 상설시험장[2실]주차불가,23
238,경기서부,광명상공회의소 상설시험장[1실](주차불가),30
239,경기서부,[우리평생교육원과혼동주의!]우리인재개발원 본점(4실),17
240,경기서부,[우리평생교육원과혼동주의!]우리인재개발원 본점(3실),17
241,경기서부,[우리평생교육원과혼동주의!]우리인재개발원 본점(2실),16
242,경기서부,[우리평생교육원과혼동주의!]우리인재개발원 본점(1실),27
243,경기서부,경기국제통상고등학교(CBT) [1실] 주차절대불가,20
244,경기서부,경기국제통상고등학교(CBT) [2실] 주차절대불가,19
245,경기서부,경기국제통상고등학교(CBT) [3실] 주차절대불가,20
246,경기서부,우리인재개발원 지점 (CBT시험 2실),16
247,경기서부,우리인재개발원 지점 (CBT시험 3실),16
248,경기서부,우리인재개발원 지점 (CBT시험 1실),18
249,경기서부,경기경영고등학교(CBT시험실) [3실],20
250,경기서부,경기경영고등학교(CBT시험실) [4실],20
251,경기서부,경기경영고등학교(CBT시험실) [5실],20
252,경기서부,경기국제통상고등학교(CBT) [4실] 주차절대불가,20
253,경기서부,[주차불가] 그린컴퓨터아카데미 부천(CBT) [4실],16
254,경기서부,[주차불가] 그린컴퓨터아카데미 부천(CBT) [3실],19
255,경기서부,[주차불가] 그린컴퓨터아카데미 부천(CBT) [2실],16
256,경기서부,[주차불가] 그린컴퓨터아카데미 부천(CBT) [1실],17
257,경기서부,우리인재개발원 별관(CBT) [1실] 주차불가,18
258,경기서부,우리인재개발원 별관(CBT) [2실] 주차불가,18
259,경기서부,우리인재개발원 별관(CBT) [3실] 주차불가,28
260,경상남도,영진직업전문학교별관[CBT 3실],17
261,경상남도,영진직업전문학교별관[CBT 4실],17
262,경상남도,영진직업전문학교별관[CBT 1실],17
263,경상남도,한국폴리텍 창원캠퍼스 7공학관 설계과 3실(3층),15
264,경상남도,경남국가자격시험장 CBT 1실[2층],19
265,경상남도,영진직업전문학교별관[CBT 2실],17
266,경상남도,경남국가자격시험장 CBT 3실[2층],20
267,경상남도,경남국가자격시험장 CBT 4실[2층],18
268,경상남도,경남국가자격시험장 CBT 5실[3층],17
269,경상남도,경남국가자격시험장 CBT 6실[1층],13
270,경상남도,한국폴리텍 창원캠퍼스 7공학관 기계과 2실(2층),15
271,경상남도,한국폴리텍 창원캠퍼스 7공학관 설계과 1실(3층),15
272,경상남도,한국폴리텍 창원캠퍼스 7공학관 설계과 2실(3층),15
273,경상남도,경남국가자격시험장 CBT 2실[2층],18
274,경상남도,한국폴리텍 창원캠퍼스 7공학관 기계과 1실(2층),15
275,경상남도,거제공업고등학교 실습동 4층 [CBT 3실],14
276,경상남도,마산대학교 청강기념관[CBT 4실],18
277,경상남도,거제공업고등학교 실습동 4층 [CBT 1실],8
278,경상남도,거제공업고등학교 실습동 4층 [CBT 2실],9
279,경상남도,한국폴리텍 창원캠퍼스 7공학관 2층 [CBT 1실],13
280,경상남도,한국폴리텍7대학 창원캠퍼스 7공학관 설계과 CBT 2실,14
281,경상남도,한국폴리텍 창원캠퍼스 7공학관 3층 [CBT 2실],15
282,경상남도,한국폴리텍 창원캠퍼스 7공학관 3층 [CBT 1실],11
283,경상남도,한국폴리텍 창원캠퍼스 7공학관 2층 [CBT 2실],13
284,경상남도,경남국가자격시험장 CBT 3실[3층],30
285,경상남도,한국폴리텍7대학 창원캠퍼스 7공학관 설계과 CBT 1실,14
286,경상남도,마산대학교 청강기념관[CBT 3실],25
287,경상남도,마산대학교 청강기념관[CBT 2실],25
288,경상남도,마산대학교 청강기념관[CBT 1실],25
289,경상남도,경남국가자격시험장 CBT 4실[1층],30
290,경상남도,영진직업전문학교별관[CBT 6실],8
291,경상남도,영진직업전문학교별관[CBT 5실],12
292,경상남도,한국폴리텍 창원캠퍼스 3공학관 1층 [CBT 2실],13
293,경상남도,한국폴리텍 창원캠퍼스 3공학관 1층 [CBT 1실],13
294,경상남도,한국폴리텍 창원캠퍼스 3공학관 3층 [CBT 3실],16
295,경상남도,마산한일여자고등학교[CBT 5실],13
296,경상남도,거제대학교 본관동 4층[CBT 1실],16
297,경상남도,마산공업고등학교 B동 1층[CBT 3실],10
298,경상남도,마산공업고등학교 B동 1층[CBT 2실],10
299,경상남도,마산공업고등학교 B동 1층[CBT 1실],9
300,경상남도,마산공업고등학교 B동 1층[CBT 4실],10
301,경상남도,거제대학교 본관동 4층[CBT 2실],15
302,경상남도,경남관광고등학교 2층 [CBT 3실],15
303,경상남도,경남관광고등학교 2층 [CBT 2실],14
304,경상남도,김해한일여자고등학교[CBT 3실],10
305,경상남도,김해한일여자고등학교[CBT 2실],12
306,경상남도,김해한일여자고등학교[CBT 1실],12
307,경상남도,경남관광고등학교 2층 [CBT 1실],14
308,경상남도,마산대학교 창의관 7층[CBT 1실],18
309,경상남도,마산대학교 창의관 7층[CBT 2실],18
310,경상남도,마산대학교 창의관 7층[CBT 3실],17
311,경상남도,마산대학교 창의관 7층[CBT 4실],18
312,경상남도,김해한일여자고등학교[CBT 4실],13
313,경상남도,마산한일여자고등학교[CBT 6실],10
314,경상남도,영진직업전문학교별관[CBT 7실],11
315,경상남도,마산한일여자고등학교[CBT 4실],15
316,경상남도,한국폴리텍 창원캠퍼스 3공학관 1층 [CBT 3실],14
317,경상남도,마산한일여자고등학교[CBT 3실],13
318,경상남도,마산한일여자고등학교[CBT 2실],12
319,경상남도,마산한일여자고등학교[CBT 1실],14
320,경상남도,한국폴리텍 창원캠퍼스 3공학관 1층 [CBT 4실],12
321,경상남도,한국폴리텍 창원캠퍼스 7공학관 3층 [CBT 3실],13
322,경상남도,경남항공고등학교 [CBT 1실],18
323,경상남도,경남항공고등학교 [CBT 2실],15
324,경상남도,한국폴리텍 창원캠퍼스 3공학관 CBT 1실,15
325,경상남도,한국폴리텍 창원캠퍼스 3공학관 CBT 2실,14
326,경상남도,대한상공회의소(통영),20
327,경상남도,대한상공회의소(창원),30
328,경상남도,마산대학교 청운관 7층[CBT 1실],18
329,경상남도,마산대학교 청운관 7층[CBT 2실],18
330,경상남도,마산대학교 청운관 7층[CBT 3실],18
331,경상남도,마산대학교 청운관 7층[CBT 4실],18
332,경상남도,한국폴리텍 창원캠퍼스 7공학관 2층 기계과 CBT 1실,15
333,경상남도,한국폴리텍 창원캠퍼스 7공학관 2층 기계과 CBT 2실,15
334,경상남도,창원문성대학교 10호관 2층 [CBT 1실],17
335,경상남도,창원문성대학교 10호관 2층 [CBT 2실],15
336,경상남도,창원문성대학교 6호관 2층 [CBT 1실],17
337,경상남도,창원문성대학교 6호관 2층 [CBT 2실],18
338,경상남도,한국폴리텍 창원캠퍼스 3공학관 CBT1실,5
339,경상남도,한국폴리텍 창원캠퍼스 3공학관 CBT2실,10
340,경상남도,창원문성대학교 10호관 2층 [CBT 3실],15
341,경상남도,한국폴리텍 창원캠퍼스 7공학관 3층 설계과 CBT 1실,15
342,경상남도,한국폴리텍 창원캠퍼스 7공학관 3층 설계과 CBT 2실,14
343,경남서부,한국폴리텍대학 항공캠퍼스 제4공학관 [CBT3실],24
344,경남서부,한국폴리텍대학 진주캠퍼스(상시 CBT1실),23
345,경남서부,경남자동차고등학교 [CBT2실],10
346,경남서부,진주시니어정보센터3층(상대동행정복지센터-주차불가),25
347,경남서부,경남서부국가자격시험장 3층[CBT1실],30
348,경남서부,경남서부국가자격시험장 3층[CBT2실],13
349,경남서부,한국폴리텍대학 진주캠퍼스 교육2관 [CBT3실],18
350,경남서부,한국폴리텍대학 진주캠퍼스 교육1관 [CBT1실],18
351,경남서부,경남자동차고등학교 [CBT3실],11
352,경남서부,진주기계공업고등학교 CBT1실(C동 3층),17
353,경남서부,한국폴리텍대학 진주캠퍼스 교육1관 [CBT2실],24
354,경남서부,경남자동차고등학교 [CBT1실],11
355,경남서부,한국폴리텍대학 항공캠퍼스 제4공학관 [CBT4실],12
356,경남서부,한국폴리텍대학 항공캠퍼스 제1공학관 [CBT2실],13
357,경남서부,한국폴리텍대학 항공캠퍼스 제1공학관 [CBT1실],13
358,경남서부,경남서부국가자격시험장 [CBT1실],24
359,경남서부,경남서부국가자격시험장 [CBT2실],29
360,경남서부,한국폴리텍대학 진주캠퍼스 산학협력관 2층 [1실],20
361,경남서부,진주상공회의소(주차불가),30
362,경남서부,한국폴리텍대학 진주캠퍼스 창의공학관 1층 [CBT1실],24
363,경남서부,삼천포공업고등학교 [CBT2실],11
364,경남서부,진주기계공업고등학교 [CBT2실],11
365,경남서부,진주기계공업고등학교 [CBT3실],11
366,경남서부,진주기계공업고등학교 [CBT4실],10
367,경남서부,진주기계공업고등학교 [CBT5실],11
368,경남서부,경진고등학교 [상시 CBT1실],14
369,경남서부,경진고등학교 [상시 CBT2실],14
370,경남서부,삼천포공업고등학교 [CBT1실],12
371,경남서부,삼천포공업고등학교 [CBT3실],12
372,경남서부,진주기계공업고등학교 [CBT1실],11
373,경남서부,진주기계공업고등학교 [CBT6실],10
374,경남서부,경남도립거창대학교-본관1호관 3층 (CBT1실),9
375,경남서부,경진고등학교 [CBT2실],14
376,경남서부,경진고등학교 [CBT1실],13
377,경남서부,한국폴리텍대학 진주캠퍼스 교육2관 [CBT5실],16
378,경남서부,한국폴리텍대학 진주캠퍼스 교육2관 [CBT4실],17
379,경상북도,경북국가자격시험장(안동)(CBT시험실)[1실],37
380,경상북도,경북항공고등학교(풍기) CBT2실,22
381,경상북도,한국폴리텍대학영주캠퍼스(공학관) [CBT 2실],20
382,경상북도,문경공업고등학교(CBT 1실),15
383,경상북도,문경공업고등학교(CBT 2실),15
384,경상북도,한국폴리텍대학영주캠퍼스 스마트공학관 2층[CBT3실],20
385,경상북도,경북항공고등학교(풍기) CBT1실,20
386,경상북도,한국폴리텍대학 영주캠퍼스(공학관 4층) [CBT 1실],20
387,경상북도,한국폴리텍대학 영주캠퍼스 공학관201호(CBT) 3실,20
388,경상북도,상산전자고등학교(CBT 2실)(상주),15
389,경상북도,상주공업고등학교 (CBT 2실),20
390,경상북도,상산전자고등학교(CBT 1실)(상주),18
391,경상북도,상주공업고등학교 (CBT 1실),20
392,경상북도,가톨릭상지대학교 아녜스관(CBT 1실),35
393,경상북도,한국폴리텍6대학 영주캠퍼스 공학관 4층(CBT2실),18
394,경상북도,한국폴리텍6대학 영주캠퍼스 공학관 2층(CBT1실),20
395,경상북도,가톨릭상지대학교 아녜스관(CBT 2실),19
396,경상북도,경북직업훈련교도소(CBT필기시험)-일반인응시 절대불가,17
397,경상북도,경북소프트웨어고등학교(의성)[CBT 1실],20
398,경상북도,경북소프트웨어고등학교(의성)[CBT 2실],20
399,경상북도,한국폴리텍대학영주캠퍼스[스마트공학관],16
400,경상북도,상주공업고등학교 (CBT 3실),20
401,경상북도,안동상공회의소(CBT),20
402,경상북도,경북직업훈련교도소(상시)(CBT시험실)[1실],5
403,경상북도,경북하이텍고등학교(CBT1실),17
404,경상북도,경북하이텍고등학교(CBT2실),19
405,경상북도,경북동부국가자격시험장 CBT1실(경북동부지사 청사 내),28
406,경상북도,경북동부국가자격시험장 CBT2실(경북동부지사 청사 내),30
407,경상북도,경북동부국가자격시험장 CBT3실(경북동부지사 청사 내),29
408,경상북도,경주공업고등학교 [CBT 1시험실],19
409,경상북도,포항제철공업고등학교 웅비관[CBT 3시험실],19
410,경상북도,포항제철공업고등학교 웅비관[CBT 2시험실],18
411,경상북도,"신라공업고등학교 [CBT 3시험실, 수험자대기실 없음]",19
412,경상북도,"신라공업고등학교 [CBT 2시험실, 수험자대기실 없음]",17
413,경상북도,"신라공업고등학교 [CBT 1시험실, 수험자대기실 없음]",20
414,경상북도,경주공업고등학교 [CBT 2시험실],20
415,경상북도,선린대학교 만나관[CBT 6실],23
416,경상북도,포항제철공업고등학교 웅비관[CBT 1시험실],18
417,경상북도,포항대학교-근면관 [CBT 2시험실],20
418,경상북도,포항대학교-근면관 [CBT 1시험실],25
419,경상북도,인성회계캐드직업전문학원[3실](주차불가),22
420,경상북도,인성회계캐드직업전문학원[2실](주차불가),19
421,경상북도,선린대학교 소망관[CBT 1실],17
422,경상북도,선린대학교 소망관[CBT 2실],18
423,경상북도,선린대학교 소망관[CBT 3실],21
424,경상북도,선린대학교 소망관[CBT 4실],18
425,경상북도,선린대학교 만나관[CBT 5실],21
426,경상북도,경주공업고등학교 [CBT 1시험실](주차불가),20
427,경상북도,경북직업전문학교 본관[CBT 3시험실],20
428,경상북도,경북직업전문학교 본관[CBT 2시험실],18
429,경상북도,경북직업전문학교 본관[CBT 1시험실],22
430,경상북도,경주공업고등학교 [CBT 2시험실](주차불가),20
431,경상북도,"포항교도소 [CBT1실, 일반인접수불가]",22
432,경상북도,대한상공회의소(포항),21
433,경상북도,인성회계캐드직업전문학원[1실](주차불가),21
434,경상북도,경주정보고 CBT2실,24
435,경상북도,경주정보고 CBT1실,24
436,경상북도,경북직업전문학교 본관[CBT 4시험실],12
437,경상북도,경북보건대학교 [삼락관] 1실,26
438,경상북도,폴리텍구미캠퍼스[이노점프관] 4실,18
439,경상북도,경북보건대학교 [삼락관] 2실,30
440,경상북도,구미대학교[창의관] 1실,19
441,경상북도,구미대학교[창의관] 2실,20
442,경상북도,폴리텍구미캠퍼스[이노점프관] 1실,20
443,경상북도,구미대학교[본관] 1실,20
444,경상북도,구미대학교[본관] 2실,18
445,경상북도,구미대학교[창의관] 3실,20
446,경상북도,"경북기계명장고등학교[명장관,주차가능] 2실",18
447,경상북도,폴리텍구미캠퍼스[이노점프관] 3실,19
448,경상북도,폴리텍구미캠퍼스[이노점프관] 2실,19
449,경상북도,"경북기계명장고등학교[명장관,주차가능] 1실",13
450,경상북도,구미다온기술학원 1실,16
451,경상북도,구미대학교[창의관] 4실,19
452,경상북도,구미다온기술학원 2실,17
453,경상북도,김천소년교도소[일반인출입불가.접수절대금지],7
454,경상북도,구미대학교[본관] 3실,17
455,경상북도,김천생명과학고등학교 [본관] 2실,20
456,경상북도,김천생명과학고등학교 [본관] 1실,20
457,경상북도,대한상공회의소(구미),25
458,경인권,수원디지털시험센터(장안구) [CBT 3실],21
459,경인권,경기도기술학교 기계기술관(화성)[CBT 2실],20
460,경인권,경기도기술학교 기계기술관(화성)[CBT 1실],19
461,경인권,경기국가자격시험장(권선구) [CBT 2실],32
462,경인권,경기국가자격시험장(권선구) [CBT 1실],32
463,경인권,수원디지털시험센터(장안구) [CBT 1실],24
464,경인권,수원디지털시험센터(장안구) [CBT 2실],18
465,경인권,수원디지털시험센터(장안구) [CBT 4실],28
466,경인권,수원디지털시험센터(장안구) [CBT 5실],24
467,경인권,수원공업고등학교 청람관 [CBT 2실],20
468,경인권,수원공업고등학교 청람관 [CBT 4실],20
469,경인권,삼일공업고등학교 [CBT 1실],18
470,경인권,수원디지털시험센터(장안구) [CBT 6실],13
471,경인권,수원디지털시험센터(장안구) [CBT 7실],19
472,경인권,안양공업고등학교 [CBT 4실],18
473,경인권,안양공업고등학교 [CBT 3실],18
474,경인권,안양공업고등학교 [CBT 2실],18
475,경인권,안양공업고등학교 [CBT 1실],18
476,경인권,안산공업고등학교 [CBT 4실],20
477,경인권,한국폴리텍대학 화성캠퍼스(CBT)[2실]_제1공학관,23
478,경인권,한국폴리텍대학 화성캠퍼스(CBT)[1실]_산학협력관,18
479,경인권,수원공업고등학교 청람관 [CBT 1실],20
480,경인권,경기도기술학교 기계기술관(화성)[CBT 3실],19
481,경인권,안산공업고등학교 [CBT 3실],20
482,경인권,수원공업고등학교 청람관 [CBT 3실],20
483,경인권,삼일공업고등학교 [CBT 4실],18
484,경인권,삼일공업고등학교 [CBT 3실],18
485,경인권,삼일공업고등학교 [CBT 2실],18
486,경인권,안산공업고등학교 [CBT 2실],20
487,경인권,안산공업고등학교 [CBT 1실],20
488,경인권,한봄고등학교 [CBT 2실],20
489,경인권,한봄고등학교 [CBT 1실],20
490,경인권,안양공업고등학교 [CBT 6실],18
491,경인권,수원디지털시험센터(장안구) [CBT 8실],26
492,경인권,수원공업고등학교 본관 [CBT 7실],20
493,경인권,수원공업고등학교 본관 [CBT 8실],20
494,경인권,수원공업고등학교 창조관 [CBT 5실],20
495,경인권,수원공업고등학교 창조관 [CBT 6실],20
496,경인권,안양공업고등학교 [CBT 5실],18
497,경인권,한봄고등학교 [CBT 3실],20
498,경인권,그린컴퓨터아카데미안산 [CBT 2실],17
499,경인권,그린컴퓨터아카데미안산 [CBT 1실],17
500,경인권,수원직업전문학교(CBT)주차불가 [3실],18
501,경인권,수원직업전문학교(CBT)주차불가 [2실],18
502,경인권,수원직업전문학교(CBT)주차불가 [1실],18
503,경인권,서울소년원(상시)(CBT)(1실)일반인 접수 절대금지,7
504,경인권,(군포)서울정보처리학원 [CBT 2실],18
505,경인권,(군포)서울정보처리학원 [CBT 1실],18
506,경인권,수원직업전문학교(CBT)주차불가 [4실],18
507,경인권,그린컴퓨터아카데미안산 [CBT 3실],17
508,경인권,그린컴퓨터아카데미안산 [CBT 4실],18
509,경인권,(일반인접수절대불가)화성직업훈련교도소(CBT)[1실],24
510,경인권,화성직업훈련교도소(상시)(CBT)(1실)일반인접수금지,26
511,경인권,(일반인접수절대불가)화성직업훈련교도소(CBT)[2실],17
512,경인권,수원직업전문학교(CBT)주차불가 [5실],18
513,경인권,경기국가자격시험장(수원)(CBT) [1실],29
514,경인권,경기국가자격시험장(수원)(CBT) [2실],28
515,경인권,안양소년원(상시)(CBT)(1실)일반인접수 절대금지,7
516,경인권,안양공업고등학교 전기과 [CBT 1실],18
517,경인권,안양공업고등학교 패션소재디자인과 [CBT 3실],18
518,경인권,안양공업고등학교 응용화학과 [CBT 2실],17
519,경인권,대한상공회의소(수원),30
520,경인권,경기도기술학교(화성)[CBT 1실],14
521,경인권,경기도기술학교(화성)[CBT 2실],15
522,경인권,대한상공회의소(안양),30
523,경인권,대한상공회의소(안산),30
524,경인권,안양공업고등학교 [CBT-4실],15
525,광주광역시,광주국가자격시험장[한국산업인력공단 3층 CBT1실],38
526,광주광역시,광주국가자격시험장[한국산업인력공단 3층 CBT2실],30
527,광주광역시,광주국가자격시험장[한국산업인력공단 4층 CBT3실],27
528,광주광역시,(주차절대불가)호남직업전문학교(계림동)[CBT 1실],25
529,광주광역시,광주국가자격시험장[한국산업인력공단 4층 CBT4실],33
530,광주광역시,(주차절대불가)호남직업전문학교(계림동)[CBT 2실],24
531,광주광역시,광주디지털시험센터 2실(주차-북구 대촌동 959),36
532,광주광역시,광주디지털시험센터 3실(주차-북구 대촌동 959),36
533,광주광역시,광주디지털시험센터 4실(주차-북구 대촌동 959),37
534,광주광역시,(일반인접수불가)나주공업고등학교(CBT)[2실],23
535,광주광역시,광주국가자격시험장 CBT 2실(한국산업인력공단),29
536,광주광역시,광주국가자격시험장 CBT 1실(한국산업인력공단),32
537,광주광역시,광주디지털시험센터 1실(주차장-북구 대촌동 959번지),26
538,광주광역시,광주디지털시험센터 2실(주차장-북구 대촌동 959번지),33
539,광주광역시,대성직업전문학교(CBT시험실)[1실],24
540,광주광역시,광주국가자격시험장 CBT 3실(한국산업인력공단),33
541,광주광역시,광주디지털시험센터 3실(주차장-북구 대촌동 959번지),30
542,광주광역시,광주디지털시험센터 4실(주차장-북구 대촌동 959번지),32
543,광주광역시,(유료주차)광주대학교 호심관 5층[CBT 3실],35
544,광주광역시,(유료주차)광주대학교 호심관 5층[CBT 2실],35
545,광주광역시,(유료주차)광주대학교 호심관 5층[CBT 1실],35
546,광주광역시,광주국가자격시험장 CBT 4실(한국산업인력공단),36
547,광주광역시,(일반인 접수불가)광주소년원(CBT),14
548,광주광역시,호남직업전문학교(계림동)[CBT 2실],24
549,광주광역시,대성직업전문학교(CBT시험실)[2실],25
550,광주광역시,호남직업전문학교(계림동)[CBT 1실],23
551,광주광역시,한국폴리텍대학 광주 대학본부 제1공학관[CBT2실],30
552,광주광역시,한국폴리텍대학 광주 대학본부 제1공학관[CBT1실],30
553,광주광역시,(일반인접수불가)나주공업고등학교(CBT)[1실],24
554,광주광역시,(상시)나주공업고등학교(CBT)[1실],23
555,광주광역시,(상시)나주공업고등학교(CBT)[2실],22
556,광주광역시,광주디지털시험센터 1실(주차-북구 대촌동 959),30
557,광주광역시,(일반인접수불가)광주교도소(CBT),3
558,광주광역시,대한상공회의소 광주인력개발원[CBT 2실],21
559,광주광역시,대한상공회의소 광주인력개발원[CBT 1실],23
560,서울특별시,군장대학교 영등포센터 CBT시험장 [1실],15
561,서울특별시,군장대학교 영등포센터 CBT시험장 [2실],15
562,서울특별시,서울호서직업전문학교[CBT 3실],27
563,서울특별시,강서CBT센터[CBT 2실],12
564,서울특별시,강서CBT센터[CBT 1실],16
565,서울특별시,서울호서직업전문학교[CBT 2실],26
566,서울특별시,서울남부국가자격시험장(영등포구) [CBT 2실](4층),41
567,서울특별시,서울남부국가자격시험장(영등포구) [CBT 3실](5층),25
568,서울특별시,서울호서직업전문학교[CBT 1실],26
569,서울특별시,나눔디지털디자인학원[CBT 2실](대기실 없음),22
570,서울특별시,서울남부국가자격시험장[CBT 1실],40
571,서울특별시,서울남부국가자격시험장(영등포구) [CBT 1실](4층),40
572,서울특별시,서울남부국가자격시험장[CBT 2실],40
573,서울특별시,나눔디지털디자인학원 [CBT 1실],19
574,서울특별시,나눔디지털디자인학원[CBT 1실](대기실 없음),17
575,서울특별시,나눔디지털디자인학원 [CBT 2실],18
576,서울특별시,한국정보교육원[CBT 1실](대기실 협소)주차불가,17
577,서울특별시,한국정보교육원[CBT 2실](대기실 협소)주차불가,19
578,서울특별시,서울남부국가자격시험장[CBT 3실],25
579,서울특별시,서울현대직업전문학교 구로캠퍼스(CBT시험실) [3실],19
580,서울특별시,서울호서직업전문학교(CBT실)[3실],28
581,서울특별시,서울호서직업전문학교(CBT실)[2실],28
582,서울특별시,서울호서직업전문학교(CBT실)[1실],28
583,서울특별시,한국정보교육원[CBT 3실](대기실 협소)주차불가,18
584,서울특별시,성남고등학교[CBT 1실](대기실 없음),20
585,서울특별시,서울현대직업전문학교 구로캠퍼스[CBT 5실],19
586,서울특별시,서울현대직업전문학교 구로캠퍼스[CBT 4실],19
587,서울특별시,신영진컴퓨터학원[CBT 1실],17
588,서울특별시,서울현대직업전문학교 구로캠퍼스[CBT 3실],19
589,서울특별시,서울현대직업전문학교 구로캠퍼스[CBT 2실],17
590,서울특별시,서울현대직업전문학교 구로캠퍼스[CBT 1실],19
591,서울특별시,신영진컴퓨터학원[CBT 2실],17
592,서울특별시,한국건설직업전문학교[CBT 1실],20
593,서울특별시,이젠컴퓨터아카데미 화곡캠퍼스[CBT 2실],18
594,서울특별시,이젠컴퓨터아카데미 화곡캠퍼스[CBT 1실],18
595,서울특별시,에듀윌 국비교육원 구로센터[CBT 1실](대기실 없음),17
596,서울특별시,서울산업정보학교[CBT 4실],17
597,서울특별시,서울산업정보학교[CBT 3실],17
598,서울특별시,서울산업정보학교[CBT 2실],14
599,서울특별시,서울산업정보학교[CBT 1실],17
600,서울특별시,군장대학교 영등포센터[CBT 2실],39
601,서울특별시,방송정보국제교육원[CBT 5실]주차불가,21
602,서울특별시,방송정보국제교육원[CBT 9실],25
603,서울특별시,방송정보국제교육원[CBT 8실],24
604,서울특별시,방송정보국제교육원[CBT 7실],22
605,서울특별시,방송정보국제교육원[CBT 6실],12
606,서울특별시,백석중학교[CBT 1실],19
607,서울특별시,글로벌산업기술교육원[CBT 2실](대기실 협소)주차불가,15
608,서울특별시,서울산업정보학교(CBT시험실) [4실],17
609,서울특별시,서울산업정보학교(CBT시험실) [3실],17
610,서울특별시,서울산업정보학교(CBT시험실) [2실],16
611,서울특별시,서울산업정보학교(CBT시험실) [1실],19
612,서울특별시,한국폴리텍Ⅰ대학 서울강서캠퍼스 제4교육관[CBT 2실],18
613,서울특별시,인헌중학교[CBT 1실],22
614,서울특별시,글로벌산업기술교육원[CBT 1실](대기실 협소)주차불가,15
615,서울특별시,장승중학교[CBT 1실],24
616,서울특별시,한국폴리텍Ⅰ대학 서울강서캠퍼스 대학본부[CBT 1실],18
617,서울특별시,군장대학교 영등포센터[CBT 1실],26
618,서울특별시,한국정보교육원[CBT 5실](대기실 협소)주차불가,10
619,서울특별시,한국정보교육원[CBT 4실](대기실 협소)주차불가,17
620,서울특별시,방송정보국제교육원[CBT 10실],21
621,서울특별시,글로벌산업기술교육원[CBT 3실](대기실 협소)주차불가,17
622,서울특별시,글로벌산업기술교육원[CBT 4실](대기실 협소)주차불가,16
623,서울특별시,나눔디지털디자인학원[CBT 3실](대기실 없음),17
624,서울특별시,나눔디지털디자인학원[CBT 4실](대기실 없음),16
625,서울특별시,방송정보국제교육원[CBT 1실]주차불가,22
626,서울특별시,방송정보국제교육원[CBT 4실]주차불가,20
627,서울특별시,방송정보국제교육원[CBT 3실]주차불가,22
628,서울특별시,방송정보국제교육원[CBT 2실]주차불가,18
629,서울특별시,남서울중학교[CBT 1실],20
630,서울특별시,서울현대직업전문학교 구로캠퍼스(CBT시험실) [2실],19
631,서울특별시,서울현대직업전문학교 구로캠퍼스(CBT시험실) [1실],20
632,서울특별시,이젠컴퓨터아카데미 화곡캠퍼스[CBT 3실],19
633,서울특별시,"법무부제8공공직훈(일반인 접수불가,교도소 수형자 대상)",25
634,서울특별시,한국폴리텍대학교 서울강서캠퍼스 제4교육관[CBT 1실],18
635,서울특별시,한국폴리텍대학교 서울강서캠퍼스 대학본부[CBT 1실],16
636,서울특별시,관악CBT센터[CBT 1실](대기실 없음),12
637,서울특별시,관악CBT센터[CBT 2실](대기실 없음),9
638,서울특별시,한국능력개발직업전문학교[CBT 1실],15
639,서울특별시,나눔디지털디자인학원[CBT 4실],17
640,서울특별시,나눔디지털디자인학원[CBT 3실],17
641,서울특별시,나눔디지털디자인학원[CBT 2실],17
642,서울특별시,그린컴퓨터아트학원 신도림캠퍼스[CBT 2실],17
643,서울특별시,그린컴퓨터아트학원 신도림캠퍼스[CBT 3실],16
644,서울특별시,그린컴퓨터아트학원 신도림캠퍼스[CBT 1실],16
645,서울특별시,서울공업고등학교 금형동[CBT 1실],17
646,서울특별시,서울공업고등학교 금형동[CBT 2실],17
647,서울특별시,서울공업고등학교 기계동[CBT 3실],17
648,서울특별시,서울공업고등학교 기계동[CBT 4실],14
649,서울특별시,[시간 연장 편의제공 시험장]서울남부국가자격시험장,2
650,서울특별시,서울호서직업전문학교 [CBT 2시험실] 주차불가,27
651,서울특별시,서울호서직업전문학교 [CBT 1시험실] 주차불가,26
652,서울특별시,"서울공업고등학교-기계동[CBT 2실]※11번 건물,3층",10
653,서울특별시,"서울공업고등학교-기계동[CBT 1실]※11번 건물,3층",14
654,서울특별시,"서울공업고등학교-금형동[CBT 2실]※9번 건물,2층",19
655,서울특별시,"서울공업고등학교-금형동[CBT 1실]※9번 건물,2층",19
656,서울특별시,"서울공업고등학교-성림관[CBT 1실]※5번 건물,2층",19
657,서울특별시,"서울공업고등학교-성림관[CBT 2실]※5번 건물,2층",12
658,서울특별시,서울호서직업전문학교 [CBT 3시험실] 주차불가,26
659,서울특별시,나눔디지털디자인학원 [CBT 3실],10
660,서울특별시,나눔디지털디자인학원 [CBT 4실],11
661,서울특별시,서울공업고등학교[CBT]-2실,20
662,서울특별시,서울공업고등학교[CBT]-1실,20
663,서울특별시,글로벌산업기술교육원 [CBT 5실](주차불가),15
664,서울특별시,글로벌산업기술교육원 [CBT 4실](주차불가),17
665,서울특별시,글로벌산업기술교육원 [CBT 3실](주차불가),15
666,서울특별시,서울남부국가자격시험장 [CBT 3시험실],25
667,서울특별시,글로벌산업기술교육원 [CBT 2실](주차불가),19
668,서울특별시,글로벌산업기술교육원 [CBT 1실](주차불가),19
669,서울특별시,한국능력개발직업전문학교[CBT1시험실](주차불가),17
670,서울특별시,서울남부국가자격시험장[편의제공자 CBT1실],1
671,서울특별시,서울남부국가자격시험장[편의제공자 CBT 1실],1
672,서울특별시,이젠컴퓨터아카데미 화곡캠퍼스 [CBT 3실](주차불가),20
673,서울특별시,이젠컴퓨터아카데미 화곡캠퍼스 [CBT 2실](주차불가),20
674,서울특별시,이젠컴퓨터아카데미 화곡캠퍼스 [CBT 1실](주차불가),20
675,서울특별시,유한공업고등학교[CBT 1실],17
676,서울특별시,나눔디지털디자인학원[CBT 1실],17
677,서울특별시,글로벌산업기술교육원[CBT 5실],18
678,서울특별시,글로벌산업기술교육원[CBT 4실],18
679,서울특별시,글로벌산업기술교육원[CBT 3실],17
680,서울특별시,글로벌산업기술교육원[CBT 2실],15
681,서울특별시,글로벌산업기술교육원[CBT 1실],15
682,서울특별시,서울현대직업전문학교 구로캠퍼스[CBT 6실],16
683,서울특별시,법무부제8공공직훈(서울남부교도소)[CBT1시험실]접수불가,16
684,서울특별시,서울공업고등학교-기계동[CBT 2실],12
685,서울특별시,서울공업고등학교-기계동[CBT 1실],16
686,서울특별시,한강미디어고등학교[CBT 1실],17
687,서울특별시,한강미디어고등학교[CBT 2실],17
688,서울특별시,서울공업고등학교 기계동[CBT 1실],16
689,서울특별시,서울공업고등학교 금형동[CBT 4실],17
690,서울특별시,서울공업고등학교 금형동[CBT 3실],17
691,서울특별시,서울공업고등학교 기계동[CBT 2실],12
692,서울특별시,법무부제8공공직훈(서울남부교도소)일반인접수불가,20
693,대구광역시,대구국가자격시험장3층(CBT시험실)[3실],28
694,대구광역시,한국폴리텍대학 영남융합기술캠퍼스 2실(크리에이티브관),25
695,대구광역시,한국폴리텍대학 영남융합기술캠퍼스 3실 (크리에이티브관),25
696,대구광역시,한국폴리텍대학 영남융합기술캠퍼스 1실(크리에이티브관),25
697,대구광역시,한국폴리텍대학로봇캠퍼스(영천) 1실,20
698,대구광역시,한국산업인력공단 대구지역본부(CBT 3실),34
699,대구광역시,대구국가자격시험장3층(CBT시험실)[1실],33
700,대구광역시,대구국가자격시험장3층(CBT시험실)[2실],33
701,대구광역시,대구 디지털시험센터5층 [3실],31
702,대구광역시,대구 디지털시험센터5층 [4실],29
703,대구광역시,한국폴리텍대학 영남융합기술캠퍼스(크리에이티브관) 2실,16
704,대구광역시,한국폴리텍대학 영남융합기술캠퍼스(크리에이티브관) 1실,20
705,대구광역시,대한직업전문학교 별관2 [2실],3
706,대구광역시,한국폴리텍대학로봇캠퍼스(영천) 2실,20
707,대구광역시,한국폴리텍대구캠퍼스[산학협력단 CBT 4실],15
708,대구광역시,대한직업전문학교 별관2 [1실],18
709,대구광역시,한국산업인력공단 대구지역본부(CBT 2실),34
710,대구광역시,한국폴리텍대학 영남융합기술캠퍼스(크리에이티브관) 3실,18
711,대구광역시,대구 디지털시험센터5층 [1실],33
712,대구광역시,한국산업인력공단 대구지역본부(CBT 1실),34
713,대구광역시,한국폴리텍대구캠퍼스[산학협력단 CBT 1실],16
714,대구광역시,한국폴리텍대구캠퍼스[산학협력단 CBT 2실],13
715,대구광역시,한국폴리텍대구캠퍼스[산학협력단 CBT 3실],16
716,대구광역시,영진직업전문학교(별관 컴퓨터실) [4실],20
717,대구광역시,영진직업전문학교(별관 컴퓨터실)[1실],20
718,대구광역시,영진직업전문학교(별관 컴퓨터실)[2실],20
719,대구광역시,대구 디지털시험센터5층 [2실],32
720,대구광역시,"대구디지털시험센터5층 [1실] (유료주차,주차협소)",37
721,대구광역시,"대구디지털시험센터5층 [3실] (유료주차,주차협소)",32
722,대구광역시,"대구디지털시험센터5층 [2실] (유료주차,주차협소)",32
723,대구광역시,한국폴리텍대학남대구캠퍼스(달성) CBT 3실,15
724,대구광역시,한국폴리텍대학남대구캠퍼스(달성) 정밀관 CBT 1실,17
725,대구광역시,"대구디지털시험센터5층 [5실] (유료주차,주차협소)",32
726,대구광역시,한국폴리텍대학남대구캠퍼스(달성) 정밀관 CBT 2실,12
727,대구광역시,대한직업전문학교 별관2 [3실],15
728,대구광역시,한국폴리텍대학 영남융합기술캠퍼스 4실(크리에이티브관),23
729,대구광역시,"대구디지털시험센터5층 [4실] (유료주차,주차협소)",30
730,대구광역시,[주차불가]한국폴리텍대구캠퍼스[산학협력단 CBT 1실],15
731,대구광역시,[주차불가]한국폴리텍대구캠퍼스[산학협력단 CBT 2실],17
732,대구광역시,[주차불가]한국폴리텍대구캠퍼스[산학협력단 CBT 3실],17
733,대구광역시,영진직업전문학교(별관 컴퓨터실) [11실],20
734,대구광역시,영진직업전문학교(별관 컴퓨터실)[10실],20
735,대구광역시,영진직업전문학교(별관 컴퓨터실) [12실],20
736,대구광역시,영진직업전문학교(별관 컴퓨터실) [3실],20
737,대구광역시,[주차불가]한국폴리텍대구캠퍼스[산학협력단 CBT 4실],17
738,대구광역시,영진직업전문학교(본관 컴퓨터실) [1실],20
739,대구광역시,영진직업전문학교(본관 컴퓨터실) [2실],20
740,대구광역시,영진직업전문학교(본관 컴퓨터실) [3실],20
741,대구광역시,영진직업전문학교(본관 컴퓨터실) [6실],20
742,대구광역시,영진직업전문학교(본관 컴퓨터실) [5실],19
743,대구광역시,영진직업전문학교(본관 컴퓨터실) [4실],20
744,대구광역시,경북산업직업전문학교(본관 CBT시험실) [1실],20
745,대구광역시,한국폴리텍대학 영남융합기술캠퍼스(크리에이티브관) 4실,20
746,대구광역시,한국폴리텍대학대구캠퍼스(CBT시험실)[2실],15
747,대구광역시,한국폴리텍대학대구캠퍼스(CBT시험실)[3실],15
748,대구광역시,한국폴리텍대학대구캠퍼스(CBT시험실)[1실],17
749,대구광역시,한국폴리텍대학남대구캠퍼스(달성) CBT 1실,17
750,대구광역시,대구상설시험장3층(CBT시험실)[3실],30
751,대구광역시,대구상설시험장3층(CBT시험실)[2실],32
752,대구광역시,대구상설시험장3층(CBT시험실)[1실],33
753,대구광역시,영진직업전문학교(본관 컴퓨터실) [8실],19
754,대구광역시,영진직업전문학교(본관 컴퓨터실) [9실],20
755,대구광역시,영진직업전문학교(본관 컴퓨터실) [7실],19
756,대구광역시,경북산업직업전문학교(본관 CBT시험실) [2실],20
757,대구광역시,경북산업직업전문학교(본관 CBT시험실) [5실],19
758,대구광역시,경북산업직업전문학교(본관 CBT시험실) [4실],20
759,대구광역시,경북산업직업전문학교(본관 CBT시험실) [3실],20
760,대구광역시,영진직업전문학교(별관 컴퓨터실)[9실],15
761,대구광역시,한국폴리텍대학남대구캠퍼스(달성) CBT 2실,16
762,대구광역시,영진직업전문학교(본관 컴퓨터실) [10실],20
763,대구광역시,경북기계금속고등학교(경산)정밀기계과A관 CBT1실,18
764,대구광역시,경북기계금속고등학교(경산)정밀기계과A관 CBT3실,22
765,대구광역시,경북기계금속고등학교(경산)기계설비과A관 CBT2실,22
766,대구광역시,영진직업전문학교(별관 컴퓨터실) [6실],17
767,대구광역시,영진직업전문학교(별관 컴퓨터실) [5실],20
768,대구광역시,대한상공회의소(대구),48
769,대구광역시,대한상공회의소(경산),28
770,대구광역시,영진직업전문학교(별관 컴퓨터실) [7실],20
771,대구광역시,대구 디지털시험센터5층 [5실],20
772,대구광역시,영진직업전문학교(별관 컴퓨터실) [10실],19
773,대구광역시,일반인접수불가_대구교도소(CBT1실),2
774,대구광역시,한국폴리텍대학남대구캠퍼스(달성) 정밀관 CBT 3실,18
775,대전광역시,(주차불가)한국폴리텍IV대학 둔산평생능력개발원(2실),18
776,대전광역시,"대전국가자격시험장(CBT 2실, 주차불가)",40
777,대전광역시,"대전국가자격시험장(CBT 1실, 주차불가)",42
778,대전광역시,우송정보대학 동캠퍼스 국제경영센터 4층 3실,30
779,대전광역시,우송정보대학 동캠퍼스 국제경영센터 4층 4실,30
780,대전광역시,(주차불가)한국폴리텍IV대학 둔산평생능력개발원(1실),16
781,대전광역시,우송정보대학 동캠퍼스 국제경영센터 4층 1실,32
782,대전광역시,"대전국가자격시험장(CBT 3실, 주차불가)",35
783,대전광역시,한국폴리텍대전캠퍼스 가람관(2실),16
784,대전광역시,JSL인재개발원(1실),18
785,대전광역시,한국폴리텍대전캠퍼스 가람관(1실),19
786,대전광역시,우송정보대학 동캠퍼스 국제경영센터 4층 2실,27
787,대전광역시,우송정보대학 동캠퍼스 국제경영센터 4층 5실,32
788,대전광역시,우송정보대학 동캠퍼스 국제경영센터 4층 6실,31
789,대전광역시,(주차불가)한국폴리텍IV대학 둔산평생능력개발원(3실),12
790,대전광역시,한국폴리텍대전캠퍼스 가람관(3실),7
791,대전광역시,대덕테크노밸리근로자종합복지회관5층 3실(주차협소),16
792,대전광역시,우송정보대학 동캠퍼스 테크노디자인센터 7층 2실,19
793,대전광역시,우송정보대학 동캠퍼스 테크노디자인센터 7층 3실,21
794,대전광역시,한국폴리텍대전캠퍼스 가람관(4실),19
795,대전광역시,JSL인재개발원(2실),18
796,대전광역시,건양대학교 산학협력관 3층 (CBT 1실),21
797,대전광역시,건양대학교 산학협력관 3층 (CBT 2실),21
798,대전광역시,우송정보대학 동캠퍼스학술정보센터7층(702호),25
799,대전광역시,우송정보대학 동캠퍼스 테크노디자인센터6층(604호),29
800,대전광역시,우송정보대학 동캠퍼스 테크노디자인센터5층(507호),35
801,대전광역시,우송정보대학 동캠퍼스 테크노디자인센터 7층 1실,30
802,대전광역시,우송정보대학 동캠퍼스 테크노디자인센터 7층 4실,24
803,대전광역시,우송정보대학 동캠퍼스 테크노디자인센터 8층 5실,21
804,대전광역시,우송정보대학 동캠퍼스 테크노디자인센터 8층 6실,19
805,대전광역시,우송정보대학 동캠퍼스 테크노디자인센터 8층 7실,20
806,대전광역시,우송정보대학 동캠퍼스 테크노디자인센터2층(203-1호),31
807,대전광역시,우송대학교서캠퍼스 식품건축관(W15) 1층 2실,23
808,대전광역시,배재대학교 아펜젤러관1층(4실)(주차요금징수),28
809,대전광역시,배재대학교 아펜젤러관1층(3실)(주차요금징수),26
810,대전광역시,배재대학교 아펜젤러관1층(1실)(주차요금징수),26
811,대전광역시,배재대학교 아펜젤러관1층(2실)(주차요금징수),27
812,대전광역시,우송대학교서캠퍼스 식품건축관(W15) 1층 1실,27
813,대전광역시,JSL인재개발원(3실),24
814,대전광역시,대한상공회의소(대전),29
815,대전광역시,우송대학교서캠퍼스 식품건축관(W15) 1층 3실,25
816,대전광역시,대전교도소(일반인접수불가)(CBT실)[1실],11
817,대전광역시,대전국가자격시험장(국방부 전용),27
818,부산광역시,부산국가자격시험장 CBT 3실,24
819,부산광역시,부산국가자격시험장 CBT 2실,25
820,부산광역시,부산국가자격시험장 CBT 1실,28
821,부산광역시,부산국가자격시험장 CBT 4실,33
822,부산광역시,부산국가자격시험장 CBT 5실,33
823,부산광역시,한국폴리텍대학 부산캠퍼스 2공학관 CBT 2 시험실,27
824,부산광역시,새동아직업전문학교 CBT 2시험실,20
825,부산광역시,새동아직업전문학교 CBT 1시험실,20
826,부산광역시,동의과학대학교 미래관 CBT 6시험실,17
827,부산광역시,동의과학대학교 미래관 CBT 5시험실,19
828,부산광역시,한국산업인력공단 부산지역본부 5층(CBT시험실)[3실],30
829,부산광역시,한국산업인력공단 부산지역본부 5층(CBT시험실)[4실],30
830,부산광역시,한국폴리텍대학 부산캠퍼스 2공학관 CBT 3 시험실,30
831,부산광역시,한국폴리텍대학 부산캠퍼스 2공학관 CBT 1 시험실,30
832,부산광역시,한국폴리텍대학 부산캠퍼스 1공학관 CBT 5 시험실,25
833,부산광역시,한국폴리텍대학 부산캠퍼스 1공학관 CBT 4 시험실,25
834,부산광역시,동의과학대학교 미래관 CBT 7시험실,19
835,부산광역시,새동아직업전문학교 CBT 3시험실,20
836,부산광역시,새동아직업전문학교 CBT 5시험실,19
837,부산광역시,새동아직업전문학교 CBT 4시험실,21
838,부산광역시,새동아직업전문학교 CBT 6시험실,18
839,부산광역시,한국산업인력공단 부산지역본부 5층(CBT시험실)[1실],27
840,부산광역시,한국산업인력공단 부산지역본부 5층(CBT시험실)[2실],30
841,부산광역시,동의과학대학교 미래관 CBT 2시험실,30
842,부산광역시,동의과학대학교 미래관 CBT 3시험실,24
843,부산광역시,동의과학대학교 미래관 CBT 4시험실,18
844,부산광역시,동의과학대학교 미래관 CBT 1시험실,27
845,부산광역시,한국폴리텍대학 부산캠퍼스 CBT 3 시험실,29
846,부산광역시,부산상공회의소 CBT 1시험실,35
847,부산광역시,한국폴리텍대학 부산캠퍼스 CBT 2 시험실,28
848,부산광역시,한국폴리텍대학 부산캠퍼스 CBT 1 시험실,27
849,부산광역시,미래컴퓨터학원 CBT 7시험실,17
850,부산광역시,미래컴퓨터학원 CBT 6시험실,17
851,부산광역시,미래컴퓨터학원 CBT 1시험실,28
852,부산광역시,미래컴퓨터학원 CBT 2시험실,17
853,부산광역시,미래컴퓨터학원 CBT 3시험실,17
854,부산광역시,미래컴퓨터학원 CBT 4시험실,17
855,부산광역시,미래컴퓨터학원 CBT 5시험실,17
856,부산광역시,양산직업학교 본관  CBT 1시험실,17
857,부산광역시,양산직업학교 본관  CBT 2시험실,18
858,부산광역시,양산직업학교 본관  CBT 6시험실,28
859,부산광역시,양산직업학교 본관  CBT 3시험실,18
860,부산광역시,양산직업학교 본관  CBT 4시험실,18
861,부산광역시,양산직업학교 본관  CBT 5시험실,28
862,부산광역시,부산교도소(일반인 접수불가),15
863,부산광역시,"부산남부국가자격시험장(용당동) [CBT2실, 3층]",18
864,부산광역시,"부산남부국가자격시험장(용당동) [CBT1실, 3층]",27
865,부산광역시,금정직업전문학교 [CBT 1실],8
866,부산광역시,"부산남부국가자격시험장(용당동) [CBT3실, 4층]",31
867,부산광역시,부산전자공업고등학교 전자통신실습동(8번건물) CBT2실,21
868,부산광역시,부산전자공업고등학교 전자통신실습동(8번건물) CBT3실,21
869,부산광역시,부산전자공업고등학교 전자통신실습동(8번건물) CBT4실,21
870,부산광역시,금정직업전문학교 [CBT 2실],15
871,부산광역시,금정직업전문학교 [CBT 3실],16
872,부산광역시,금정직업전문학교 [CBT 4실],16
873,부산광역시,금정직업전문학교 [CBT 5실],16
874,부산광역시,부산전자공업고등학교 전자통신실습동(8번건물) CBT1실,20
875,부산광역시,(주차불가)센텀직업전문학교[CBT 5실],18
876,부산광역시,(주차불가)센텀직업전문학교[CBT 6실],17
877,부산광역시,(주차불가)센텀직업전문학교[CBT 4실],17
878,부산광역시,(주차불가)센텀직업전문학교[CBT 3실],17
879,부산광역시,(주차불가)센텀직업전문학교[CBT 2실],17
880,부산광역시,(주차불가)센텀직업전문학교[CBT 1실],18
881,부산광역시,센텀직업전문학교[CBT 1실],13
882,부산광역시,부산인력개발원[CBT1실],18
883,부산광역시,효성직업전문학교[CBT1실],15
884,부산광역시,효성직업전문학교[CBT3실],15
885,부산광역시,효성직업전문학교[CBT2실],15
886,부산광역시,센텀직업전문학교[CBT 6실],17
887,부산광역시,센텀직업전문학교[CBT 5실],14
888,부산광역시,센텀직업전문학교[CBT 4실],15
889,부산광역시,센텀직업전문학교[CBT 3실],17
890,부산광역시,센텀직업전문학교[CBT 2실],17
891,부산광역시,그린컴퓨터아카데미(경성대별관점)[CBT1실],17
892,부산광역시,그린컴퓨터아카데미(경성대별관점)[CBT2실],15
893,부산광역시,그린컴퓨터아카데미(경성대별관점)[CBT3실],17
894,부산광역시,그린컴퓨터아카데미(경성대별관점)[CBT4실],23
895,부산광역시,금정직업전문학교 [CBT 6실],15
896,부산광역시,부산외국어대학교 트리니티홀 [CBT 5실],40
897,부산광역시,부산외국어대학교 트리니티홀 [CBT 1실],40
898,부산광역시,부산외국어대학교 트리니티홀 [CBT 2실],40
899,부산광역시,부산외국어대학교 트리니티홀 [CBT 3실],25
900,부산광역시,부산외국어대학교 트리니티홀 [CBT 4실],17
901,부산광역시,(주차절대불가)대양고등학교[CBT 3실],15
902,부산광역시,(주차절대불가)대양고등학교[CBT 2실],16
903,부산광역시,(주차절대불가)대양고등학교[CBT 1실],15
904,서울특별시,서울문화고등학교[CBT 3실],16
905,서울특별시,서울문화고등학교[CBT 2실],15
906,서울특별시,서울문화고등학교[CBT 1실],16
907,서울특별시,서울서부국가자격시험장[CBT 4실],20
908,서울특별시,서울서부국가자격시험장[CBT 3실],26
909,서울특별시,서울서부국가자격시험장[CBT 1실],37
910,서울특별시,서울서부국가자격시험장[CBT 2실],23
911,서울특별시,서울문화고등학교[CBT 8실],16
912,서울특별시,오픽시청센터(중구)[CBT 1실],12
913,서울특별시,선린인터넷고등학교[CBT 4실],20
914,서울특별시,한국폴리텍대학 정수캠퍼스[CBT 1실],24
915,서울특별시,서울문화고등학교[CBT 4실],16
916,서울특별시,오픽시청센터(중구)[CBT 2실],16
917,서울특별시,서울문화고등학교[CBT 5실],16
918,서울특별시,선린인터넷고등학교[CBT 3실],20
919,서울특별시,서울문화고등학교[CBT 7실],15
920,서울특별시,서울문화고등학교[CBT 6실],16
921,서울특별시,선린인터넷고등학교[CBT 2실],20
922,서울특별시,선린인터넷고등학교[CBT 1실],20
923,서울특별시,선린인터넷고등학교[CBT 10실],20
924,서울특별시,선린인터넷고등학교[CBT 6실],18
925,서울특별시,선린인터넷고등학교[CBT 5실],19
926,서울특별시,선린인터넷고등학교[CBT 17실],20
927,서울특별시,선린인터넷고등학교[CBT 16실],20
928,서울특별시,선린인터넷고등학교[CBT 15실],20
929,서울특별시,한국폴리텍대학 정수캠퍼스[CBT 2실],23
930,서울특별시,한국폴리텍대학 정수캠퍼스[CBT 3실],22
931,서울특별시,한국폴리텍대학 정수캠퍼스[CBT 4실],21
932,서울특별시,한국폴리텍대학 정수캠퍼스[CBT 5실],19
933,서울특별시,선린인터넷고등학교[CBT 11실],20
934,서울특별시,선린인터넷고등학교[CBT 14실],20
935,서울특별시,선린인터넷고등학교[CBT 12실],20
936,서울특별시,선린인터넷고등학교[CBT 13실],20
937,서울특별시,용산철도고등학교(구 용산공고)[CBT 1실],23
938,서울특별시,용산철도고등학교(구 용산공고)[CBT 2실],22
939,서울특별시,하이미디어컴퓨터학원(종로)[CBT 1실],26
940,서울특별시,하이미디어컴퓨터학원(종로)[CBT 2실],25
941,서울특별시,하이미디어컴퓨터학원(종로)[CBT 3실],25
942,서울특별시,하이미디어컴퓨터학원(종로)[CBT 4실],22
943,서울특별시,그린컴퓨터아트학원(종로)[CBT 3실],17
944,서울특별시,그린컴퓨터아트학원(종로)[CBT 2실],17
945,서울특별시,그린컴퓨터아트학원(종로)[CBT 1실],16
946,서울특별시,그린컴퓨터아트학원(종로)[CBT 4실],17
947,서울특별시,그린컴퓨터아트학원(종로)[CBT 6실],16
948,서울특별시,그린컴퓨터아트학원(종로)[CBT 5실],16
949,서울특별시,용산철도고등학교(구 용산공고)[CBT 3실],20
950,서울특별시,그린컴퓨터아트학원(종로)[CBT 8실],17
951,서울특별시,그린컴퓨터아트학원(종로)[CBT 7실],16
952,서울특별시,은곡직업전문학교(2관)(CBT 4실),12
953,서울특별시,은곡직업전문학교(2관)(CBT 3실),12
954,서울특별시,은곡직업전문학교(2관)(CBT 2실),12
955,서울특별시,은곡직업전문학교(2관)(CBT 1실),12
956,서울특별시,대한상공희의소(서울)[CBT 1실],33
957,서울특별시,하이미디어아카데미(신촌)[별관][CBT 3실],14
958,서울특별시,하이미디어아카데미(신촌) [별관][CBT 1실],13
959,서울특별시,하이미디어아카데미(신촌)[별관][CBT 2실],14
960,서울특별시,선린인터넷고등학교[CBT 7실],14
961,서울특별시,선린인터넷고등학교[CBT 8실],20
962,서울특별시,선린인터넷고등학교[CBT 9실],20
963,서울특별시,경기기계공업고등학교 3D융합설계과[CBT 2시험실],17
964,서울특별시,경기기계공업고등학교 3D융합설계과[CBT 1시험실],18
965,서울특별시,서울국가자격시험장(휘경동)[CBT 1실],25
966,서울특별시,서울국가자격시험장(휘경동)[CBT 9실],25
967,서울특별시,서울국가자격시험장(휘경동)[CBT 4실],26
968,서울특별시,서울국가자격시험장(휘경동)[CBT 3실],25
969,서울특별시,서울국가자격시험장(휘경동)[CBT 2실],21
970,서울특별시,서울국가자격시험장(휘경동)[CBT 5실],25
971,서울특별시,서울국가자격시험장(휘경동)[CBT 8실],18
972,서울특별시,서울국가자격시험장(휘경동)[CBT 10실],22
973,서울특별시,서울국가자격시험장(휘경동)[CBT 6실],1
974,서울특별시,서울국가자격시험장(휘경동)[CBT 7실],25
975,서울특별시,서울동부국가자격시험장(광진구) [CBT 1실],30
976,서울특별시,서울동부국가자격시험장(광진구) [CBT 4실],26
977,서울특별시,서울동부국가자격시험장(광진구) [CBT 3실],25
978,서울특별시,서울동부국가자격시험장(광진구) [CBT 2실],27
979,서울특별시,군장대학교영등포센터[CBT1실](주차불가),28
980,서울특별시,광운인공지능고등학교[CBT5실](주차불가),17
981,서울특별시,광운인공지능고등학교[CBT4실](주차불가),15
982,서울특별시,광운인공지능고등학교[CBT3실](주차불가),18
983,서울특별시,광운인공지능고등학교[CBT2실](주차불가),20
984,서울특별시,광운인공지능고등학교[CBT1실](주차불가),19
985,서울특별시,군장대학교영등포센터[CBT2실](주차불가),52
986,서울특별시,광운인공지능고등학교[CBT6실](주차불가),18
987,서울특별시,군장대 서울입시홍보관[CBT 1실],47
988,서울특별시,군장대 서울입시홍보관[CBT 2실],48
989,서울특별시,인덕대학교 인관[CBT1실],35
990,서울특별시,인덕대학교 인관[CBT2실],43
991,서울특별시,인덕대학교 인관[CBT3실],41
992,서울특별시,삼육보건대학교H관[CBT1실],31
993,서울특별시,삼육보건대학교H관[CBT2실],32
994,서울특별시,삼육보건대학교H관[CBT3실],34
995,서울특별시,한국IT직업전문학교 다산관(CBT 1실),17
996,서울특별시,한국IT직업전문학교 양재관(CBT8실),21
997,서울특별시,한국IT직업전문학교 양재관(CBT7실),22
998,서울특별시,한국IT직업전문학교 양재관(CBT6실),23
999,서울특별시,한국IT직업전문학교 양재관(CBT5실),24
1000,서울특별시,한국IT직업전문학교 양재관(CBT4실),23
1001,서울특별시,한국IT직업전문학교 양재관(CBT3실),22
1002,서울특별시,한국IT직업전문학교 양재관(CBT2실),23
1003,서울특별시,한국IT직업전문학교 양재관(CBT9실),24
1004,서울특별시,한국IT직업전문학교 양재관(CBT1실),23
1005,서울특별시,한국IT직업전문학교 양재관(CBT10실),23
1006,서울특별시,한국IT직업전문학교 다산관(CBT 5실),18
1007,서울특별시,한국IT직업전문학교 다산관(CBT 4실),15
1008,서울특별시,한국IT직업전문학교 다산관(CBT 3실),14
1009,서울특별시,한국IT직업전문학교 다산관(CBT 2실),16
1010,서울특별시,대우직업능력개발원(CBT3실),23
1011,서울특별시,대우직업능력개발원(cbt2실),24
1012,서울특별시,대우직업능력개발원(cbt1실),25
1013,서울특별시,서울상설시험장(상시)(CBT실][1실],25
1014,서울특별시,서울상설시험장(상시)(CBT실)[4실],19
1015,서울특별시,서울상설시험장(상시)(CBT실)[3실],25
1016,서울특별시,서울상설시험장(상시)(CBT실)[2실],22
1017,서울특별시,서울동부국가자격시험장(2실),26
1018,서울특별시,서울동부국가자격시험장(3실),26
1019,서울특별시,서울동부국가자격시험장(1실)(주차불가),33
1020,서울특별시,서울동부국가자격시험장(4실),25
1021,서울특별시,서울동부국가자격시험장(2실)(주차불가),22
1022,서울특별시,군장대학교 서울입시홍보관(2실)(주차불가),47
1023,서울특별시,서울동부국가자격시험장(3실)(주차불가),24
1024,서울특별시,서울동부국가자격시험장(4실)(주차불가),20
1025,서울특별시,서울동부국가자격시험장(1실),27
1026,서울특별시,군장대학교 서울입시홍보관(2실),49
1027,서울특별시,군장대학교 서울입시홍보관(1실),45
1028,서울특별시,군장대학교 서울입시홍보관(1실)(주차불가),44
1029,서울특별시,한국IT직업전문학교 양재관(1실)(주차불가),25
1030,서울특별시,한국IT직업전문학교 양재관(2실)(주차불가),22
1031,서울특별시,한국IT직업전문학교 양재관(8실)(주차불가),22
1032,서울특별시,한국IT직업전문학교 양재관(7실)(주차불가),27
1033,서울특별시,한국IT직업전문학교 양재관(6실)(주차불가),24
1034,서울특별시,한국IT직업전문학교 양재관(5실)(주차불가),21
1035,서울특별시,한국IT직업전문학교 양재관(4실)(주차불가),22
1036,서울특별시,한국IT직업전문학교 양재관(3실)(주차불가),22
1037,서울특별시,한국IT직업전문학교 양재관(5실),23
1038,서울특별시,한국IT직업전문학교 양재관(6실),18
1039,서울특별시,한국IT직업전문학교 양재관(7실),21
1040,서울특별시,한국IT직업전문학교 양재관(8실),15
1041,서울특별시,한국IT직업전문학교(2실),26
1042,서울특별시,한국IT직업전문학교 양재관(4실),17
1043,서울특별시,한국IT직업전문학교 양재관(3실),19
1044,서울특별시,한국IT직업전문학교 양재관(1실),25
1045,세종특별자치시,세종국가자격시험장,23
1046,세종특별자치시,한국영상대학교 웅진관 3실,35
1047,세종특별자치시,한국영상대학교 웅진관 2실,26
1048,세종특별자치시,한국영상대학교 웅진관 1실,35
1049,세종특별자치시,공주대학교 교양관(306호),35
1050,세종특별자치시,세종능력개발원,28
1051,세종특별자치시,대한상공회의소(세종),29
1052,세종특별자치시,한국영상대학교 웅진관 4실,34
1053,세종특별자치시,공주생명과학고등학교 CBT,18
1054,세종특별자치시,세종국가자격시험장 5층(나성동),34
1055,울산광역시,울산국가자격시험장 [CBT 1실],31
1056,울산광역시,울산국가자격시험장 [CBT 2실],31
1057,울산광역시,울산국가자격시험장 [CBT 4실],30
1058,울산광역시,울산국가자격시험장 [CBT 3실],30
1059,울산광역시,미래정보컴퓨터학원 [CBT 3실],12
1060,울산광역시,그린컴퓨터아카데미 울산캠 [CBT 5실] (주차불가),16
1061,울산광역시,그린컴퓨터아카데미 울산캠 [CBT 4실] (주차불가),11
1062,울산광역시,그린컴퓨터아카데미 울산캠 [CBT 1실] (주차불가),19
1063,울산광역시,그린컴퓨터아카데미 울산캠 [CBT 2실] (주차불가),20
1064,울산광역시,그린컴퓨터아카데미 울산캠 [CBT 3실] (주차불가),15
1065,울산광역시,그린컴퓨터아카데미 울산캠 [CBT 6실] (주차불가),15
1066,울산광역시,미래정보컴퓨터학원 [CBT 1실],13
1067,울산광역시,미래정보컴퓨터학원 [CBT 2실],13
1068,울산광역시,그린컴퓨터아카데미 울산캠 [CBT 7실] (주차불가),15
1069,울산광역시,석유화학공정기술교육원(CBT 1실),22
1070,울산광역시,석유화학공정기술교육원(CBT 2실),21
1071,울산광역시,상공회의소(울산) CBT 1실_주차불가,35
1072,울산광역시,미래정보컴퓨터학원 [CBT 4실],13
1073,울산광역시,그린컴퓨터아카데미 울산캠 [CBT 8실] (주차불가),15
1074,울산광역시,한국폴리텍VII대학 울산캠퍼스(함월관) CBT1실,30
1075,울산광역시,한국폴리텍VII대학 울산캠퍼스(함월관) CBT2실,30
1076,울산광역시,한국폴리텍VII대학 울산캠퍼스(함월관) CBT3실,30
1077,울산광역시,울산과학대_서부_1공학관_(CBT)[1실] 주차불가,17
1078,울산광역시,울산과학대_서부_1공학관_(CBT)[2실] 주차불가,15
1079,울산광역시,울산과학대_서부_1공학관_(CBT)[3실] 주차불가,18
1080,울산광역시,울산과학대_서부_2공학관_(CBT)[4실] 주차불가,17
1081,울산광역시,울산과학대_서부_2공학관_(CBT)[6실] 주차불가,18
1082,울산광역시,울산과학대_서부_2공학관_(CBT)[5실] 주차불가,18
1083,울산광역시,울산과학대_동부_1대학관_(CBT)[1실],17
1084,울산광역시,울산과학대_동부_1대학관_(CBT)[2실],18
1085,울산광역시,그린컴퓨터아카데미 울산캠 [CBT 9실] (주차불가),19
1086,울산광역시,울산대학교(5호 산학협력리더스관 CBT 1실)_주차불가,36
1087,울산광역시,울산대학교(5호 산학협력리더스관 CBT 2실)_주차불가,36
1088,울산광역시,울산대학교(5호 산학협력리더스관 CBT 3실)_주차불가,36
1089,울산광역시,울산대학교(7호 전기컴퓨터공학관 CBT 1실)_주차불가,30
1090,울산광역시,울산대학교(7호 전기컴퓨터공학관 CBT 2실)_주차불가,36
1091,울산광역시,울산대학교(7호 전기컴퓨터공학관 CBT 3실)_주차불가,36
1092,인천광역시,"인천디지털시험센터-5실(인천인력개발원 내, 유료주차)",26
1093,인천광역시,인하공업전문대학 5호관 (3시험실),20
1094,인천광역시,인하공업전문대학 5호관 (2시험실),20
1095,인천광역시,인하공업전문대학 5호관 (1시험실),20
1096,인천광역시,"인천디지털시험센터-7실(인천인력개발원 내, 유료주차)",20
1097,인천광역시,"인천디지털시험센터-6실(인천인력개발원 내, 유료주차)",20
1098,인천광역시,인천CBT센터 부평점[CBT-2실],20
1099,인천광역시,인천CBT센터 부평점[CBT-3실],20
1100,인천광역시,"인천디지털시험센터-1실(인천인력개발원 내, 유료주차)",21
1101,인천광역시,인하공업전문대학 5호관 (4시험실),20
1102,인천광역시,인하공업전문대학 5호관 (5시험실),20
1103,인천광역시,"인천디지털시험센터-9실(인천인력개발원 내, 유료주차)",20
1104,인천광역시,"인천디지털시험센터-8실(인천인력개발원 내, 유료주차)",20
1105,인천광역시,"인천디지털시험센터-2실(인천인력개발원 내, 유료주차)",21
1106,인천광역시,"인천디지털시험센터-4실(인천인력개발원 내, 유료주차)",21
1107,인천광역시,인천CBT센터 부평점[CBT-1실],20
1108,인천광역시,"인천디지털시험센터-10실(인천인력개발원 내, 유료주차)",20
1109,인천광역시,간석CBT센터-2시험실,21
1110,인천광역시,간석CBT센터-1시험실,21
1111,인천광역시,인천국가자격시험장(CBT 1시험실)(한국산업인력공단),25
1112,인천광역시,인천국가자격시험장(CBT 2시험실)(한국산업인력공단),27
1113,인천광역시,간석CBT센터-3시험실,21
1114,인천광역시,"인천디지털시험센터-3실(인천인력개발원 내, 유료주차)",20
1115,인천광역시,"인천디지털시험센터-11실(인천인력개발원 내, 유료주차)",20
1116,인천광역시,"인천디지털시험센터-12실(인천인력개발원 내, 유료주차)",21
1117,인천광역시,"인천디지털시험센터-13실(인천인력개발원 내, 유료주차)",22
1118,인천광역시,피나캐드학원 [CBT-2실](대기실없음),21
1119,인천광역시,피나캐드학원 [CBT-1실](대기실없음),21
1120,인천광역시,피나캐드학원 [CBT-3실](대기실없음),21
1121,인천광역시,대한상공회의소 인천인력개발원[CBT-29실] 유료주차,25
1122,인천광역시,대한상공회의소 인천인력개발원[CBT-28실] 유료주차,26
1123,인천광역시,대한상공회의소 인천인력개발원[CBT-27실] 유료주차,25
1124,인천광역시,대한상공회의소 인천인력개발원[CBT-24실] 유료주차,26
1125,인천광역시,대한상공회의소 인천인력개발원[CBT-23실] 유료주차,26
1126,인천광역시,대한상공회의소 인천인력개발원[CBT-22실] 유료주차,26
1127,인천광역시,대한상공회의소 인천인력개발원[CBT-21실] 유료주차,26
1128,인천광역시,대한상공회의소 인천인력개발원[CBT-26실] 유료주차,26
1129,인천광역시,대한상공회의소 인천인력개발원[CBT-25실] 유료주차,25
1130,인천광역시,인하공업전문대학 5호관 (6시험실),20
1131,인천광역시,인하공업전문대학 5호관[CBT-7실]-유료주차,25
1132,인천광역시,인하공업전문대학 5호관[CBT-6실]-유료주차,25
1133,인천광역시,인하공업전문대학 5호관[CBT-5실]-유료주차,26
1134,인천광역시,인하공업전문대학 5호관[CBT-1실]-유료주차,26
1135,인천광역시,인하공업전문대학 5호관[CBT-2실]-유료주차,26
1136,인천광역시,인하공업전문대학 5호관[CBT-3실]-유료주차,26
1137,인천광역시,인하공업전문대학 5호관[CBT-4실]-유료주차,26
1138,인천광역시,"피나캐드학원 [CBT시험장 1실](주차불가,대기실없음)",21
1139,인천광역시,"피나캐드학원 [CBT시험장 2실](주차불가,대기실없음)",19
1140,인천광역시,"피나캐드학원 [CBT시험장 3실](주차불가,대기실없음)",20
1141,인천광역시,"피나캐드학원 [CBT시험장 4실](주차불가,대기실없음)",20
1142,인천광역시,간석CBT센터 [CBT시험장 1실](주차불가),18
1143,인천광역시,간석CBT센터 [CBT시험장 2실](주차불가),18
1144,인천광역시,간석CBT센터 [CBT시험장 3실](주차불가),18
1145,인천광역시,인천CBT센터부평점[CBT1실](주차불가),17
1146,인천광역시,인천CBT센터부평점[CBT2실](주차불가),25
1147,인천광역시,인천CBT센터부평점[CBT3실](주차불가),15
1148,인천광역시,인천CBT센터부평점[CBT-1실](주차불가),18
1149,인천광역시,인천CBT센터부평점[CBT-2실](주차불가),23
1150,인천광역시,인천CBT센터부평점[CBT-3실](주차불가),13
1151,인천광역시,대한상공회의소 인천인력개발원[CBT 9실] 유료주차,20
1152,인천광역시,대한상공회의소 인천인력개발원[CBT 8실] 유료주차,24
1153,인천광역시,대한상공회의소 인천인력개발원[CBT 7실] 유료주차,23
1154,인천광역시,대한상공회의소 인천인력개발원[CBT 6실] 유료주차,21
1155,인천광역시,대한상공회의소 인천인력개발원[CBT 5실] 유료주차,24
1156,인천광역시,한국폴리텍2대학 남인천캠퍼스 (CBT시험장)[1실],19
1157,인천광역시,한국폴리텍2대학 남인천캠퍼스 (CBT시험장)[2실],18
1158,인천광역시,대한상공회의소 인천인력개발원[CBT 4실] 유료주차,20
1159,인천광역시,대한상공회의소 인천인력개발원[CBT 3실] 유료주차,24
1160,인천광역시,대한상공회의소 인천인력개발원 (CBT시험실)[1실],24
1161,인천광역시,인하공업전문대학 5호관 (CBT시험실)[7실],20
1162,인천광역시,인하공업전문대학 5호관 (CBT시험실)[1실],5
1163,인천광역시,한국폴리텍2대학 남인천캠퍼스 (CBT시험장)[3실],13
1164,인천광역시,인하공업전문대학 5호관 (CBT시험실)[1실]-유료주차,30
1165,인천광역시,인천미래생활고등학교(CBT시험실)[2실],20
1166,인천광역시,인천미래생활고등학교(CBT시험실)[1실],20
1167,인천광역시,부평공업고등학교(CBT시험실)[2실],18
1168,인천광역시,대한상공회의소 인천인력개발원 (CBT시험실)[3실],24
1169,인천광역시,대한상공회의소 인천인력개발원 (CBT시험실)[4실],23
1170,인천광역시,대한상공회의소 인천인력개발원 (CBT시험실)[5실],23
1171,인천광역시,대한상공회의소 인천인력개발원 (CBT시험실)[6실],23
1172,인천광역시,대한상공회의소 인천인력개발원 (CBT시험실)[7실],25
1173,인천광역시,대한상공회의소 인천인력개발원 (CBT시험실)[8실],25
1174,인천광역시,대한상공회의소 인천인력개발원 (CBT시험실)[9실],25
1175,인천광역시,부평공업고등학교(CBT시험실)[1실],18
1176,인천광역시,인하공업전문대학 5호관 (CBT시험실)[2실],19
1177,인천광역시,대한상공회의소 인천인력개발원 (CBT시험실)[2실],25
1178,인천광역시,대한상공회의소 인천인력개발원[CBT 2실] 유료주차,23
1179,인천광역시,대한상공회의소 인천인력개발원[CBT 1실] 유료주차,24
1180,인천광역시,인하공업전문대학 5호관 (CBT시험실)[4실]-유료주차,27
1181,인천광역시,인하공업전문대학 5호관 (CBT시험실)[3실]-유료주차,28
1182,인천광역시,인하공업전문대학 5호관 (CBT시험실)[2실]-유료주차,29
1183,인천광역시,인하공업전문대학 5호관 (CBT시험실)[5실],20
1184,인천광역시,인하공업전문대학 5호관 (CBT시험실)[6실],21
1185,인천광역시,인하공업전문대학 5호관 (CBT시험실)[4실],21
1186,인천광역시,인하공업전문대학 5호관 (CBT시험실)[3실],21
1187,인천광역시,그린컴퓨터아트학원 구월점(CBT시험장) [1실],17
1188,인천광역시,그린컴퓨터아트학원 구월점(CBT시험장) [2실],17
1189,인천광역시,그린컴퓨터아트학원 구월점(CBT시험장) [4실],16
1190,인천광역시,그린컴퓨터아트학원 구월점(CBT시험장) [3실],17
1191,인천광역시,인하공업전문대학 5호관 (CBT시험실)[5실]-유료주차,29
1192,인천광역시,인하공업전문대학 5호관 (CBT시험실)[6실]-유료주차,30
1193,인천광역시,인하공업전문대학 5호관 (CBT시험실)[7실]-유료주차,30
1194,인천광역시,간석CBT센터-3시험실 (주차불가),20
1195,인천광역시,간석CBT센터-1시험실 (주차불가),12
1196,인천광역시,간석CBT센터-2시험실 (주차불가),19
1197,인천광역시,"피나캐드학원 [CBT시험장 5실](주차불가,대기실없음)",18
1198,전라남도,전남국가자격시험장[CBT 1실]한국산업인력공단 전남지사,33
1199,전라남도,전남국가자격시험장[CBT 2실]한국산업인력공단 전남지사,30
1200,전라남도,전남국가자격시험장[CBT 3실]한국산업인력공단 전남지사,28
1201,전라남도,여수정보과학고등학교[CBT 1실],15
1202,전라남도,한영대학교[CBT2실],23
1203,전라남도,포스코 광양교육관(CBT 1실),21
1204,전라남도,여수정보과학고등학교[CBT 3실],13
1205,전라남도,"동부직업전문학교[2실]주차불가,대중교통이용",15
1206,전라남도,여수정보과학고등학교[CBT 2실],15
1207,전라남도,"동부직업전문학교[1실]주차불가,대중교통이용",15
1208,전라남도,"한영대학교[CBT2실, 보건관 2층]",29
1209,전라남도,"한영대학교[CBT1실, 본관2층]",30
1210,전라남도,한국폴리텍대학 순천캠퍼스1공학관[CBT2실],25
1211,전라남도,여수정보과학고등학교[CBT 4실],14
1212,전라남도,여수정보과학고등학교[CBT 5실],12
1213,전라남도,한국폴리텍대학 순천캠퍼스1공학관[CBT1실],25
1214,전라남도,포스코 광양교육관(CBT 2실),25
1215,전라남도,순천제일대학교(인제관)[CBT 1실],21
1216,전라남도,순천제일대학교(인제관)[CBT 2실],22
1217,전라남도,순천제일대학교(인제관)[CBT 3실],23
1218,전라남도,한영대학교[CBT1실],40
1219,전라남도,순천제일대학교(인제관)[CBT 4실],19
1220,전라남도,순천제일대학교(인제관)[CBT 5실],16
1221,전라남도,전남대학교 여수캠퍼스[CBT]2실,29
1222,전라남도,전남대학교 여수캠퍼스[CBT]1실,29
1223,전라남도,한국폴리텍대학 순천캠퍼스[CBT2실],30
1224,전라남도,한국폴리텍대학 순천캠퍼스[CBT1실],30
1225,전라남도,순천교도소(CBT시험실),11
1226,전라남도,한영대학교[CBT2실 보건관 2층],30
1227,전라남도,한영대학교[CBT1실 본관2층],30
1228,전라남도,전남대 여수캠퍼스[교양관]CBT 2실,30
1229,전라남도,전남대 여수캠퍼스[교양관]CBT 1실,30
1230,전라남도,여수석유화학고등학교[CBT 1실],18
1231,전라남도,한영대학교[CBT3실],6
1232,전라남도,대한상공회의소(여수),19
1233,전라남도,한국폴리텍대학 순천캠퍼스 본관(CBT3실),20
1234,전라남도,여수석유화학고등학교[CBT 2실],15
1235,전남서부,전남서부국가자격시험장(CBT 2실)(목포),27
1236,전남서부,전남서부국가자격시험장(CBT 1실)(목포),27
1237,전남서부,목포중앙고등학교(CBT2실)_주차불가,20
1238,전남서부,목포중앙고등학교(CBT1실)_주차불가,15
1239,전남서부,장흥교도소(CBT),12
1240,전남서부,대한상공회의소(목포),27
1241,전남서부,목포여자상업고등학교(CBT2실)_주차협소,19
1242,전남서부,목포여자상업고등학교(CBT1실)_주차협소,19
1243,전남서부,목포여자상업고등학교(CBT3실)_주차협소,20
1244,전남서부,목포중앙고등학교(CBT2실),22
1245,전남서부,목포중앙고등학교(CBT1실),22
1246,전라북도,전북국가자격시험장(3층5실),30
1247,전라북도,전북국가자격시험장(3층6실),27
1248,전라북도,전북국가자격시험장(2층4실),29
1249,전라북도,전북국가자격시험장(2층3실),29
1250,전라북도,전북국가자격시험장(4층8실),26
1251,전라북도,전북국가자격시험장(4층7실),28
1252,전라북도,전주교도소(CBT시험실)[1실]-일반인접수불가,11
1253,전라북도,군산기계공업고등학교 CBT 4실(기계공학3관),13
1254,전라북도,군산기계공업고등학교 CBT 2실(기계공학3관),15
1255,전라북도,군산기계공업고등학교 CBT 3실(기계공학3관),17
1256,전라북도,전주기전대학교 본관(주차불가) 2층2실,20
1257,전라북도,전북기계공업고등학교 CBT 2실 (명장1관 4층),17
1258,전라북도,전북기계공업고등학교 CBT 1실 (명장1관 4층),18
1259,전라북도,전주기전대학교 본관(주차불가) 3층3실,19
1260,전라북도,전주기전대학교 본관(주차불가) 1층1실,17
1261,전라북도,전북기계공업고등학교 CBT 3실 (명장1관 4층),18
1262,전라북도,군산기계공업고등학교 CBT 1실(기계공학3관),18
1263,전라북도,전주기전대학교 본관(주차불가) 3층4실,20
1264,전라북도,군산교도소(일반인접수불가),10
1265,전라북도,전북대학교 정보전산원교육동 CBT 1실(유료주차),20
1266,전라북도,전북국가자격시험장[CBT 6실],25
1267,전라북도,전북국가자격시험장[CBT 5실],25
1268,전라북도,전북국가자격시험장[CBT 4실],18
1269,전라북도,전북국가자격시험장[CBT 7실],19
1270,전라북도,전북대학교 정보전산원교육동 CBT 2실(유료주차),20
1271,전라북도,전북대학교 정보전산원교육동 CBT 3실(유료주차),20
1272,전라북도,군산기계공업고등학교 CBT 1실,18
1273,전라북도,군산기계공업고등학교 CBT 3실,18
1274,전라북도,군산기계공업고등학교 CBT 2실,18
1275,전라북도,전북국가자격시험장[CBT 8실],23
1276,전라북도,전북국가자격시험장[CBT 3실],16
1277,전라북도,군산기계공업고등학교 CBT 4실,18
1278,전라북도,전주교도소(일반인접수불가),7
1279,전북서부,군산기계공업고등학교(기계공학3관) CBT [2실],17
1280,전북서부,전북기계공업고등학교(명장1관 4층) CBT [2실],18
1281,전북서부,전북기계공업고등학교(명장1관 4층) CBT [3실],18
1282,전북서부,전북기계공업고등학교(명장1관 4층) CBT [1실],18
1283,전북서부,군산기계공업고등학교(기계공학3관) CBT [3실],17
1284,전북서부,군산기계공업고등학교(기계공학3관) CBT [1실],17
1285,전북서부,명신기술교육원(2층) CBT [2실],20
1286,전북서부,명신기술교육원(2층) CBT [1실],22
1287,전북서부,(군산)성심직업전문학교 CBT [4실],20
1288,전북서부,한국폴리텍대학 익산캠퍼스(산학협력관2층)CBT1실,25
1289,전북서부,익산상공회의소 CBT [1실],25
1290,전북서부,군산상공회의소 CBT [1실],25
1291,전북서부,(군산)성심직업전문학교 CBT [1실],20
1292,전북서부,(군산)성심직업전문학교 CBT [2실],20
1293,전북서부,(군산)성심직업전문학교 CBT [3실],20
1294,제주특별자치도,제주국가자격시험장(CBT1실)(제주지사),27
1295,제주특별자치도,제주국가자격시험장(CBT2실)(제주지사),8
1296,제주특별자치도,대한상공회의소(제주)[1실],18
1297,제주특별자치도,영주고등학교(CBT시험실)[2실],15
1298,제주특별자치도,영주고등학교(CBT시험실)[1실],15
1299,제주특별자치도,영주고등학교(CBT시험실)[5실],15
1300,제주특별자치도,영주고등학교(CBT시험실)[4실],16
1301,제주특별자치도,영주고등학교(CBT시험실)[3실],18
1302,제주특별자치도,영주고등학교(CBT시험실)[6실],14
1303,충청남도,한국기술교육대(병천) 담헌실학관 CBT 1실,19
1304,충청남도,충남국가자격시험장 CBT 1실(산업인력공단충남지사2층),35
1305,충청남도,충남국가자격시험장 CBT 2실(산업인력공단충남지사2층),23
1306,충청남도,한국기술교육대(병천) 담헌실학관 CBT 3실,20
1307,충청남도,한국기술교육대(병천) 담헌실학관 CBT 2실,18
1308,충청남도,합덕제철고 CBT 2실(철강자동화과),20
1309,충청남도,합덕제철고 CBT 1실(철강기계과),20
1310,충청남도,호서대학교(천안) 1호관 3층 CBT 1실,40
1311,충청남도,호서대학교(천안) 1호관 3층 CBT 2실,38
1312,충청남도,호서대학교(천안) 1호관 3층 CBT 3실,39
1313,충청남도,신성대학교 공학관 CBT 1실,20
1314,충청남도,혜전대학교 청송관3층 CBT 3실,19
1315,충청남도,호서대학교(아산) 제2공학관 4층 CBT 1실,30
1316,충청남도,호서대학교(아산) 제2공학관 4층 CBT 2실,23
1317,충청남도,신성대학교 공학관 CBT 3실,24
1318,충청남도,세한대학교 근학관 컴퓨터4실,20
1319,충청남도,세한대학교 근학관 컴퓨터3실,19
1320,충청남도,세한대학교 근학관 컴퓨터2실,18
1321,충청남도,세한대학교 근학관 컴퓨터1실,20
1322,충청남도,천안상업고등학교 은혜동 CBT 1실,19
1323,충청남도,신성대학교 공학관 CBT 2실,20
1324,충청남도,한국기계산업진흥회 기술교육원 2층[CBT 1실],16
1325,충청남도,한국기계산업진흥회 기술교육원 3층[CBT 2실],16
1326,충청남도,충남국가자격시험장(상시)[CBT1실]산업인력공단충남지사,37
1327,충청남도,충남국가자격시험장(상시)[CBT2실]산업인력공단충남지사,31
1328,충청남도,천안여자상업고등학교(CBT 4실)(주차불가),20
1329,충청남도,남서울대학교 디자인정보관(CBT 2실),20
1330,충청남도,남서울대학교 디자인정보관2층(CBT 3실),20
1331,충청남도,천안여자상업고등학교(CBT 3실)(주차불가),20
1332,충청남도,천안여자상업고등학교(CBT 2실)(주차불가),20
1333,충청남도,천안여자상업고등학교(CBT 1실)(주차불가),20
1334,충청남도,혜전대학교 청송관3층 CBT 2실,20
1335,충청남도,혜전대학교 청송관3층 CBT 1실,20
1336,충청남도,호서대학교 천안캠퍼스 CBT 1실,18
1337,충청남도,호서대학교 천안캠퍼스 CBT 2실,19
1338,충청남도,남서울대학교 디자인정보관(CBT 1실),20
1339,충청남도,호서대학교 아산캠퍼스 CBT 2실,17
1340,충청남도,호서대학교 아산캠퍼스 CBT 1실,19
1341,충청남도,천안상업고등학교 은혜동 CBT 2실,17
1342,충청남도,충남산학융합원(당진)CBT 1실,19
1343,충청남도,충남산학융합원(당진)CBT 2실,17
1344,충청남도,천안상업고등학교 은혜동 CBT 3실,20
1345,충청남도,충남산학융합원 CBT 2실,20
1346,충청남도,충남산학융합원 CBT 1실,20
1347,충청남도,공주대(예산) CBT 1실 (대학본부 5층),20
1348,충청남도,공주대(예산) CBT 2실 (대학본부 5층),20
1349,충청남도,충남테크노파크(벤처관 3층) CBT 1실,20
1350,충청남도,충남테크노파크(벤처관 3층) CBT 2실,22
1351,충청남도,대한상공회의소(서산) CBT 1실,20
1352,충청남도,대한상공회의소(당진) CBT 1실,25
1353,충청남도,천안여자상업고등학교(CBT 5실)(주차불가),24
1354,충청남도,호서대학교(아산) 제1공학관 CBT 4실(401호),40
1355,충청남도,호서대학교(아산) 제1공학관 CBT 3실(302호),15
1356,충청남도,호서대학교(아산) 제1공학관 CBT 5실(522호),40
1357,충청남도,호서대학교(아산) 제1공학관 CBT 6실(526호),45
1358,충청남도,호서대학교 천안캠퍼스 1호관3층 CBT 1실,19
1359,충청남도,호서대학교 천안캠퍼스 1호관3층 CBT 2실,17
1360,충청남도,호서대학교 아산캠퍼스 제2공학관 CBT 1실,19
1361,충청남도,호서대학교 아산캠퍼스 제2공학관 CBT 2실,15
1362,충청남도,남서울대학교(CBT) 2실,20
1363,충청남도,남서울대학교(CBT) 1실,20
1364,충청북도,충북국가자격시험장(3층-전산2실),32
1365,충청북도,충청대학교 형설각 A동(CBT - 3실),18
1366,충청북도,충청대학교 형설각 A동(CBT - 2실),30
1367,충청북도,충청대학교 형설각 A동(CBT - 1실),30
1368,충청북도,청주대학교(2실)(비즈니스대학 208),40
1369,충청북도,청주대학교(1실)(비즈니스대학 210),44
1370,충청북도,한국폴리텍대학 충주캠퍼스 로봇특수용접과 CBT(1실),17
1371,충청북도,대성여자상업고등학교 컴퓨터 1실,20
1372,충청북도,충북국가자격시험장(3층-전산3실),29
1373,충청북도,충북국가자격시험장(2층-전산1실),48
1374,충청북도,한국폴리텍대학 청주캠퍼스(1실-정보통신시스템과),20
1375,충청북도,한국폴리텍대학 청주캠퍼스(2실-정보통신시스템과),20
1376,충청북도,한국폴리텍대학 청주캠퍼스 대학본부(CBT 1실),22
1377,충청북도,한국폴리텍대학 청주캠퍼스 대학본부(CBT 2실),18
1378,충청북도,청주하이텍고등학교(CBT 3실),18
1379,충청북도,충북보건과학대학교 본관(CBT 2실),28
1380,충청북도,충북보건과학대학교 본관(CBT 1실),26
1381,충청북도,한국폴리텍대학 충주캠퍼스 로봇특수용접과 CBT(2실),17
1382,충청북도,대원대학교(교양관)CBT(3실),16
1383,충청북도,대원대학교(교양관)CBT(2실),18
1384,충청북도,대원대학교(교앙관)CBT(1실),19
1385,충청북도,"충주공업고등학교(건축디자인과1층, CBT1실)",15
1386,충청북도,"충주공업고등학교(건축디자인과1층, CBT2실)",14
1387,충청북도,대성여자상업고등학교 컴퓨터 4실,19
1388,충청북도,대성여자상업고등학교 컴퓨터 3실,20
1389,충청북도,대성여자상업고등학교 컴퓨터 2실,19
1390,충청북도,청주하이텍고등학교(CBT 2실),18
1391,충청북도,대성여자상업고등학교 컴퓨터 7실,18
1392,충청북도,대성여자상업고등학교 컴퓨터 8실,18
1393,충청북도,대성여자상업고등학교 컴퓨터 6실,18
1394,충청북도,대성여자상업고등학교 컴퓨터 5실,18
1395,충청북도,사단법인 충북산학융합본부,12
1396,충청북도,청주하이텍고등학교(CBT 1실),20
1397,충청북도,청주공업고등학교(창의관CBT 2실),20
1398,충청북도,대성여자상업고등학교 컴퓨터 9실,18
1399,충청북도,청주공업고등학교(창의관CBT 1실),24
1400,충청북도,충주상업고등학교(CBT)(3실),12
1401,충청북도,충주상업고등학교(CBT)(4실),12
1402,충청북도,청주대학교(2실)(비즈니스대학 208)(주차유료),40
1403,충청북도,청주대학교(1실)(비즈니스대학 210)(주차유료),50
1404,충청북도,충주상업고등학교(CBT)(5실),11
1405,충청북도,충주상업고등학교(CBT)(2실),12
1406,충청북도,한국폴리텍대학 청주캠퍼스 대학본부(CBT 3실),16
1407,충청북도,한국폴리텍대학 청주캠퍼스(CBT 2실-대학본부 3층),17
1408,충청북도,한국폴리텍대학 청주캠퍼스(CBT 1실-대학본부 3층),25
1409,충청북도,충주상업고등학교(CBT)(1실),12
1410,충청북도,청주상공회의소CBT시험장,40
1411,충청북도,충주상업고등학교(CBT)(8실),12
1412,충청북도,충주상업고등학교(CBT)(7실),12
1413,충청북도,충주상업고등학교(CBT)(6실),12
1414,충청북도,청주교도소(일반인접수불가)CBT(1실),20
1415,충청북도,청주여자교도소(일반인접수불가),12
1416,충청북도,충주상업고등학교(CBT7실)_주차공간 협소,10
1417,충청북도,충주상공회의소,25
1418,충청북도,충주상업고등학교(CBT5실)_주차공간 협소,10
1419,충청북도,충주상업고등학교(CBT4실)_주차공간 협소,9
1420,충청북도,충주상업고등학교(CBT3실)_주차공간 협소,10
1421,충청북도,충주상업고등학교(CBT2실)_주차공간 협소,10
1422,충청북도,충주상업고등학교(CBT1실)_주차공간 협소,10
1423,충청북도,충주상업고등학교(CBT6실)_주차공간 협소,10
1424,충청북도,한국폴리텍대학 충주캠퍼스(CBT2실),20
1425,충청북도,한국폴리텍대학 충주캠퍼스(CBT1실),20
1426,충청북도,충주공업고등학교(CBT2실)_주차공간 협소,15
1427,충청북도,충주공업고등학교(CBT1실)_주차공간 협소,15
1428,충청북도,대원대학교(CBT3실),25
1429,충청북도,대원대학교(CBT2실),25
1430,충청북도,대원대학교(CBT1실),30
1431,충청북도,음성상공회의소,16
